﻿<exportFiles culture="en-US" version="4"><files><BinaryStorableTransferObject xmlns:xsi="http://www.w3.org/2001/XMLSchema-instance" xmlns:xsd="http://www.w3.org/2001/XMLSchema"><Url>epi.fx.blob://default/310b49a7f3b2488ab21b895fe69baa09/ffdada759d2e43858fee27c0009c26d6.png</Url><PermanentLinkVirtualPath>~/link/310b49a7f3b2488ab21b895fe69baa09.png</PermanentLinkVirtualPath><ProviderName>epi.fx.blob://default/310b49a7f3b2488ab21b895fe69baa09/</ProviderName><ProviderRelativePath>ffdada759d2e43858fee27c0009c26d6.png</ProviderRelativePath></BinaryStorableTransferObject><BinaryStorableTransferObject xmlns:xsi="http://www.w3.org/2001/XMLSchema-instance" xmlns:xsd="http://www.w3.org/2001/XMLSchema"><Url>epi.fx.blob://default/310b49a7f3b2488ab21b895fe69baa09/ffdada759d2e43858fee27c0009c26d6_Thumbnail.png</Url><PermanentLinkVirtualPath>~/link/310b49a7f3b2488ab21b895fe69baa09.png</PermanentLinkVirtualPath><ProviderName>epi.fx.blob://default/310b49a7f3b2488ab21b895fe69baa09/</ProviderName><ProviderRelativePath>ffdada759d2e43858fee27c0009c26d6_Thumbnail.png</ProviderRelativePath></BinaryStorableTransferObject><BinaryStorableTransferObject xmlns:xsi="http://www.w3.org/2001/XMLSchema-instance" xmlns:xsd="http://www.w3.org/2001/XMLSchema"><Url>epi.fx.blob://default/6a18c2ddc55a40d4aa354586885bbfbb/7dba176dd85e4d898462b6f11111b163.png</Url><PermanentLinkVirtualPath>~/link/6a18c2ddc55a40d4aa354586885bbfbb.png</PermanentLinkVirtualPath><ProviderName>epi.fx.blob://default/6a18c2ddc55a40d4aa354586885bbfbb/</ProviderName><ProviderRelativePath>7dba176dd85e4d898462b6f11111b163.png</ProviderRelativePath></BinaryStorableTransferObject><BinaryStorableTransferObject xmlns:xsi="http://www.w3.org/2001/XMLSchema-instance" xmlns:xsd="http://www.w3.org/2001/XMLSchema"><Url>epi.fx.blob://default/6a18c2ddc55a40d4aa354586885bbfbb/7dba176dd85e4d898462b6f11111b163_Thumbnail.png</Url><PermanentLinkVirtualPath>~/link/6a18c2ddc55a40d4aa354586885bbfbb.png</PermanentLinkVirtualPath><ProviderName>epi.fx.blob://default/6a18c2ddc55a40d4aa354586885bbfbb/</ProviderName><ProviderRelativePath>7dba176dd85e4d898462b6f11111b163_Thumbnail.png</ProviderRelativePath></BinaryStorableTransferObject><BinaryStorableTransferObject xmlns:xsi="http://www.w3.org/2001/XMLSchema-instance" xmlns:xsd="http://www.w3.org/2001/XMLSchema"><Url>epi.fx.blob://default/121a2045e3f2405cbba8d791018e2a65/7e578d9c072b4d4a866adde8895c8fc6.jpg</Url><PermanentLinkVirtualPath>~/link/121a2045e3f2405cbba8d791018e2a65.jpg</PermanentLinkVirtualPath><ProviderName>epi.fx.blob://default/121a2045e3f2405cbba8d791018e2a65/</ProviderName><ProviderRelativePath>7e578d9c072b4d4a866adde8895c8fc6.jpg</ProviderRelativePath></BinaryStorableTransferObject><BinaryStorableTransferObject xmlns:xsi="http://www.w3.org/2001/XMLSchema-instance" xmlns:xsd="http://www.w3.org/2001/XMLSchema"><Url>epi.fx.blob://default/121a2045e3f2405cbba8d791018e2a65/7e578d9c072b4d4a866adde8895c8fc6_Thumbnail.png</Url><PermanentLinkVirtualPath>~/link/121a2045e3f2405cbba8d791018e2a65.png</PermanentLinkVirtualPath><ProviderName>epi.fx.blob://default/121a2045e3f2405cbba8d791018e2a65/</ProviderName><ProviderRelativePath>7e578d9c072b4d4a866adde8895c8fc6_Thumbnail.png</ProviderRelativePath></BinaryStorableTransferObject><BinaryStorableTransferObject xmlns:xsi="http://www.w3.org/2001/XMLSchema-instance" xmlns:xsd="http://www.w3.org/2001/XMLSchema"><Url>epi.fx.blob://default/d1a5f98b733e4e20bf2fa0a18a25d931/73bc58da26334206b2fee86b6f7c0a65.png</Url><PermanentLinkVirtualPath>~/link/d1a5f98b733e4e20bf2fa0a18a25d931.png</PermanentLinkVirtualPath><ProviderName>epi.fx.blob://default/d1a5f98b733e4e20bf2fa0a18a25d931/</ProviderName><ProviderRelativePath>73bc58da26334206b2fee86b6f7c0a65.png</ProviderRelativePath></BinaryStorableTransferObject><BinaryStorableTransferObject xmlns:xsi="http://www.w3.org/2001/XMLSchema-instance" xmlns:xsd="http://www.w3.org/2001/XMLSchema"><Url>epi.fx.blob://default/d1a5f98b733e4e20bf2fa0a18a25d931/73bc58da26334206b2fee86b6f7c0a65_Thumbnail.png</Url><PermanentLinkVirtualPath>~/link/d1a5f98b733e4e20bf2fa0a18a25d931.png</PermanentLinkVirtualPath><ProviderName>epi.fx.blob://default/d1a5f98b733e4e20bf2fa0a18a25d931/</ProviderName><ProviderRelativePath>73bc58da26334206b2fee86b6f7c0a65_Thumbnail.png</ProviderRelativePath></BinaryStorableTransferObject><BinaryStorableTransferObject xmlns:xsi="http://www.w3.org/2001/XMLSchema-instance" xmlns:xsd="http://www.w3.org/2001/XMLSchema"><Url>epi.fx.blob://default/f5615258819f4b7ea909f4f29955b35e/5222c9d6b05d42089d4497122e1ca83c.jpg</Url><PermanentLinkVirtualPath>~/link/f5615258819f4b7ea909f4f29955b35e.jpg</PermanentLinkVirtualPath><ProviderName>epi.fx.blob://default/f5615258819f4b7ea909f4f29955b35e/</ProviderName><ProviderRelativePath>5222c9d6b05d42089d4497122e1ca83c.jpg</ProviderRelativePath></BinaryStorableTransferObject><BinaryStorableTransferObject xmlns:xsi="http://www.w3.org/2001/XMLSchema-instance" xmlns:xsd="http://www.w3.org/2001/XMLSchema"><Url>epi.fx.blob://default/f5615258819f4b7ea909f4f29955b35e/5222c9d6b05d42089d4497122e1ca83c_Thumbnail.png</Url><PermanentLinkVirtualPath>~/link/f5615258819f4b7ea909f4f29955b35e.png</PermanentLinkVirtualPath><ProviderName>epi.fx.blob://default/f5615258819f4b7ea909f4f29955b35e/</ProviderName><ProviderRelativePath>5222c9d6b05d42089d4497122e1ca83c_Thumbnail.png</ProviderRelativePath></BinaryStorableTransferObject><BinaryStorableTransferObject xmlns:xsi="http://www.w3.org/2001/XMLSchema-instance" xmlns:xsd="http://www.w3.org/2001/XMLSchema"><Url>epi.fx.blob://default/f1e172d613ec4613ad404c761b981bb1/8fbb14eb5b8948fd80cbe9b6484ad482.mp4</Url><PermanentLinkVirtualPath>~/link/f1e172d613ec4613ad404c761b981bb1.mp4</PermanentLinkVirtualPath><ProviderName>epi.fx.blob://default/f1e172d613ec4613ad404c761b981bb1/</ProviderName><ProviderRelativePath>8fbb14eb5b8948fd80cbe9b6484ad482.mp4</ProviderRelativePath></BinaryStorableTransferObject><BinaryStorableTransferObject xmlns:xsi="http://www.w3.org/2001/XMLSchema-instance" xmlns:xsd="http://www.w3.org/2001/XMLSchema"><Url>epi.fx.blob://default/a0e7c3a587ef4aab9c8f1ea020bad3cc/6b90f46b6ae349aabd6119e577bd6d95.jpg</Url><PermanentLinkVirtualPath>~/link/a0e7c3a587ef4aab9c8f1ea020bad3cc.jpg</PermanentLinkVirtualPath><ProviderName>epi.fx.blob://default/a0e7c3a587ef4aab9c8f1ea020bad3cc/</ProviderName><ProviderRelativePath>6b90f46b6ae349aabd6119e577bd6d95.jpg</ProviderRelativePath></BinaryStorableTransferObject><BinaryStorableTransferObject xmlns:xsi="http://www.w3.org/2001/XMLSchema-instance" xmlns:xsd="http://www.w3.org/2001/XMLSchema"><Url>epi.fx.blob://default/a0e7c3a587ef4aab9c8f1ea020bad3cc/6b90f46b6ae349aabd6119e577bd6d95_Thumbnail.png</Url><PermanentLinkVirtualPath>~/link/a0e7c3a587ef4aab9c8f1ea020bad3cc.png</PermanentLinkVirtualPath><ProviderName>epi.fx.blob://default/a0e7c3a587ef4aab9c8f1ea020bad3cc/</ProviderName><ProviderRelativePath>6b90f46b6ae349aabd6119e577bd6d95_Thumbnail.png</ProviderRelativePath></BinaryStorableTransferObject><BinaryStorableTransferObject xmlns:xsi="http://www.w3.org/2001/XMLSchema-instance" xmlns:xsd="http://www.w3.org/2001/XMLSchema"><Url>epi.fx.blob://default/5a4470c3b60048b4ac7a78189d2e063b/78e08f306fc44c03888da8bab14fee3e.png</Url><PermanentLinkVirtualPath>~/link/5a4470c3b60048b4ac7a78189d2e063b.png</PermanentLinkVirtualPath><ProviderName>epi.fx.blob://default/5a4470c3b60048b4ac7a78189d2e063b/</ProviderName><ProviderRelativePath>78e08f306fc44c03888da8bab14fee3e.png</ProviderRelativePath></BinaryStorableTransferObject><BinaryStorableTransferObject xmlns:xsi="http://www.w3.org/2001/XMLSchema-instance" xmlns:xsd="http://www.w3.org/2001/XMLSchema"><Url>epi.fx.blob://default/5a4470c3b60048b4ac7a78189d2e063b/78e08f306fc44c03888da8bab14fee3e_Thumbnail.png</Url><PermanentLinkVirtualPath>~/link/5a4470c3b60048b4ac7a78189d2e063b.png</PermanentLinkVirtualPath><ProviderName>epi.fx.blob://default/5a4470c3b60048b4ac7a78189d2e063b/</ProviderName><ProviderRelativePath>78e08f306fc44c03888da8bab14fee3e_Thumbnail.png</ProviderRelativePath></BinaryStorableTransferObject><BinaryStorableTransferObject xmlns:xsi="http://www.w3.org/2001/XMLSchema-instance" xmlns:xsd="http://www.w3.org/2001/XMLSchema"><Url>epi.fx.blob://default/45dc9a7f6ab64a1481a2841e922d3936/8a0f92945cab49c1b0ba49ec4c4cbcc8.jpg</Url><PermanentLinkVirtualPath>~/link/45dc9a7f6ab64a1481a2841e922d3936.jpg</PermanentLinkVirtualPath><ProviderName>epi.fx.blob://default/45dc9a7f6ab64a1481a2841e922d3936/</ProviderName><ProviderRelativePath>8a0f92945cab49c1b0ba49ec4c4cbcc8.jpg</ProviderRelativePath></BinaryStorableTransferObject><BinaryStorableTransferObject xmlns:xsi="http://www.w3.org/2001/XMLSchema-instance" xmlns:xsd="http://www.w3.org/2001/XMLSchema"><Url>epi.fx.blob://default/45dc9a7f6ab64a1481a2841e922d3936/8a0f92945cab49c1b0ba49ec4c4cbcc8_Thumbnail.png</Url><PermanentLinkVirtualPath>~/link/45dc9a7f6ab64a1481a2841e922d3936.png</PermanentLinkVirtualPath><ProviderName>epi.fx.blob://default/45dc9a7f6ab64a1481a2841e922d3936/</ProviderName><ProviderRelativePath>8a0f92945cab49c1b0ba49ec4c4cbcc8_Thumbnail.png</ProviderRelativePath></BinaryStorableTransferObject><BinaryStorableTransferObject xmlns:xsi="http://www.w3.org/2001/XMLSchema-instance" xmlns:xsd="http://www.w3.org/2001/XMLSchema"><Url>epi.fx.blob://default/d657fc6e1c8a400e81177aa063f001a6/c101fa5b5d844132bd6e0662c89fdd91.png</Url><PermanentLinkVirtualPath>~/link/d657fc6e1c8a400e81177aa063f001a6.png</PermanentLinkVirtualPath><ProviderName>epi.fx.blob://default/d657fc6e1c8a400e81177aa063f001a6/</ProviderName><ProviderRelativePath>c101fa5b5d844132bd6e0662c89fdd91.png</ProviderRelativePath></BinaryStorableTransferObject><BinaryStorableTransferObject xmlns:xsi="http://www.w3.org/2001/XMLSchema-instance" xmlns:xsd="http://www.w3.org/2001/XMLSchema"><Url>epi.fx.blob://default/d657fc6e1c8a400e81177aa063f001a6/c101fa5b5d844132bd6e0662c89fdd91_Thumbnail.png</Url><PermanentLinkVirtualPath>~/link/d657fc6e1c8a400e81177aa063f001a6.png</PermanentLinkVirtualPath><ProviderName>epi.fx.blob://default/d657fc6e1c8a400e81177aa063f001a6/</ProviderName><ProviderRelativePath>c101fa5b5d844132bd6e0662c89fdd91_Thumbnail.png</ProviderRelativePath></BinaryStorableTransferObject><BinaryStorableTransferObject xmlns:xsi="http://www.w3.org/2001/XMLSchema-instance" xmlns:xsd="http://www.w3.org/2001/XMLSchema"><Url>epi.fx.blob://default/dd2ec8bf05d94f17bc1251e17a7e6432/ead2201bb04b49418d9630e8b37cc5c8.jpg</Url><PermanentLinkVirtualPath>~/link/dd2ec8bf05d94f17bc1251e17a7e6432.jpg</PermanentLinkVirtualPath><ProviderName>epi.fx.blob://default/dd2ec8bf05d94f17bc1251e17a7e6432/</ProviderName><ProviderRelativePath>ead2201bb04b49418d9630e8b37cc5c8.jpg</ProviderRelativePath></BinaryStorableTransferObject><BinaryStorableTransferObject xmlns:xsi="http://www.w3.org/2001/XMLSchema-instance" xmlns:xsd="http://www.w3.org/2001/XMLSchema"><Url>epi.fx.blob://default/dd2ec8bf05d94f17bc1251e17a7e6432/ead2201bb04b49418d9630e8b37cc5c8_Thumbnail.png</Url><PermanentLinkVirtualPath>~/link/dd2ec8bf05d94f17bc1251e17a7e6432.png</PermanentLinkVirtualPath><ProviderName>epi.fx.blob://default/dd2ec8bf05d94f17bc1251e17a7e6432/</ProviderName><ProviderRelativePath>ead2201bb04b49418d9630e8b37cc5c8_Thumbnail.png</ProviderRelativePath></BinaryStorableTransferObject><BinaryStorableTransferObject xmlns:xsi="http://www.w3.org/2001/XMLSchema-instance" xmlns:xsd="http://www.w3.org/2001/XMLSchema"><Url>epi.fx.blob://default/a5a2909714024d14970842778dadcd4b/0c2e6cd198eb4d2e800d7decee4d505a.jpg</Url><PermanentLinkVirtualPath>~/link/a5a2909714024d14970842778dadcd4b.jpg</PermanentLinkVirtualPath><ProviderName>epi.fx.blob://default/a5a2909714024d14970842778dadcd4b/</ProviderName><ProviderRelativePath>0c2e6cd198eb4d2e800d7decee4d505a.jpg</ProviderRelativePath></BinaryStorableTransferObject><BinaryStorableTransferObject xmlns:xsi="http://www.w3.org/2001/XMLSchema-instance" xmlns:xsd="http://www.w3.org/2001/XMLSchema"><Url>epi.fx.blob://default/a5a2909714024d14970842778dadcd4b/0c2e6cd198eb4d2e800d7decee4d505a_Thumbnail.png</Url><PermanentLinkVirtualPath>~/link/a5a2909714024d14970842778dadcd4b.png</PermanentLinkVirtualPath><ProviderName>epi.fx.blob://default/a5a2909714024d14970842778dadcd4b/</ProviderName><ProviderRelativePath>0c2e6cd198eb4d2e800d7decee4d505a_Thumbnail.png</ProviderRelativePath></BinaryStorableTransferObject><BinaryStorableTransferObject xmlns:xsi="http://www.w3.org/2001/XMLSchema-instance" xmlns:xsd="http://www.w3.org/2001/XMLSchema"><Url>epi.fx.blob://default/7e611119a18b4eedb71892cc3b184fad/dd2fface664147bd820959341ece5959.jpg</Url><PermanentLinkVirtualPath>~/link/7e611119a18b4eedb71892cc3b184fad.jpg</PermanentLinkVirtualPath><ProviderName>epi.fx.blob://default/7e611119a18b4eedb71892cc3b184fad/</ProviderName><ProviderRelativePath>dd2fface664147bd820959341ece5959.jpg</ProviderRelativePath></BinaryStorableTransferObject><BinaryStorableTransferObject xmlns:xsi="http://www.w3.org/2001/XMLSchema-instance" xmlns:xsd="http://www.w3.org/2001/XMLSchema"><Url>epi.fx.blob://default/7e611119a18b4eedb71892cc3b184fad/dd2fface664147bd820959341ece5959_Thumbnail.png</Url><PermanentLinkVirtualPath>~/link/7e611119a18b4eedb71892cc3b184fad.png</PermanentLinkVirtualPath><ProviderName>epi.fx.blob://default/7e611119a18b4eedb71892cc3b184fad/</ProviderName><ProviderRelativePath>dd2fface664147bd820959341ece5959_Thumbnail.png</ProviderRelativePath></BinaryStorableTransferObject><BinaryStorableTransferObject xmlns:xsi="http://www.w3.org/2001/XMLSchema-instance" xmlns:xsd="http://www.w3.org/2001/XMLSchema"><Url>epi.fx.blob://default/ad83ac62479e41b69a2e7d7819d3b883/f08694f507e24ea39909abbb69950e5f.jpg</Url><PermanentLinkVirtualPath>~/link/ad83ac62479e41b69a2e7d7819d3b883.jpg</PermanentLinkVirtualPath><ProviderName>epi.fx.blob://default/ad83ac62479e41b69a2e7d7819d3b883/</ProviderName><ProviderRelativePath>f08694f507e24ea39909abbb69950e5f.jpg</ProviderRelativePath></BinaryStorableTransferObject><BinaryStorableTransferObject xmlns:xsi="http://www.w3.org/2001/XMLSchema-instance" xmlns:xsd="http://www.w3.org/2001/XMLSchema"><Url>epi.fx.blob://default/ad83ac62479e41b69a2e7d7819d3b883/f08694f507e24ea39909abbb69950e5f_Thumbnail.png</Url><PermanentLinkVirtualPath>~/link/ad83ac62479e41b69a2e7d7819d3b883.png</PermanentLinkVirtualPath><ProviderName>epi.fx.blob://default/ad83ac62479e41b69a2e7d7819d3b883/</ProviderName><ProviderRelativePath>f08694f507e24ea39909abbb69950e5f_Thumbnail.png</ProviderRelativePath></BinaryStorableTransferObject><BinaryStorableTransferObject xmlns:xsi="http://www.w3.org/2001/XMLSchema-instance" xmlns:xsd="http://www.w3.org/2001/XMLSchema"><Url>epi.fx.blob://default/ef0a93a0b4534afbb88aee2a302f9914/4015ee14e5074d60bcc6390300489f69.jpg</Url><PermanentLinkVirtualPath>~/link/ef0a93a0b4534afbb88aee2a302f9914.jpg</PermanentLinkVirtualPath><ProviderName>epi.fx.blob://default/ef0a93a0b4534afbb88aee2a302f9914/</ProviderName><ProviderRelativePath>4015ee14e5074d60bcc6390300489f69.jpg</ProviderRelativePath></BinaryStorableTransferObject><BinaryStorableTransferObject xmlns:xsi="http://www.w3.org/2001/XMLSchema-instance" xmlns:xsd="http://www.w3.org/2001/XMLSchema"><Url>epi.fx.blob://default/ef0a93a0b4534afbb88aee2a302f9914/4015ee14e5074d60bcc6390300489f69_Thumbnail.png</Url><PermanentLinkVirtualPath>~/link/ef0a93a0b4534afbb88aee2a302f9914.png</PermanentLinkVirtualPath><ProviderName>epi.fx.blob://default/ef0a93a0b4534afbb88aee2a302f9914/</ProviderName><ProviderRelativePath>4015ee14e5074d60bcc6390300489f69_Thumbnail.png</ProviderRelativePath></BinaryStorableTransferObject><BinaryStorableTransferObject xmlns:xsi="http://www.w3.org/2001/XMLSchema-instance" xmlns:xsd="http://www.w3.org/2001/XMLSchema"><Url>epi.fx.blob://default/4d76d2be4c4a46c09960a3b473f5af60/9c34eb629f7e41a2a5a7d932f0c29859.jpg</Url><PermanentLinkVirtualPath>~/link/4d76d2be4c4a46c09960a3b473f5af60.jpg</PermanentLinkVirtualPath><ProviderName>epi.fx.blob://default/4d76d2be4c4a46c09960a3b473f5af60/</ProviderName><ProviderRelativePath>9c34eb629f7e41a2a5a7d932f0c29859.jpg</ProviderRelativePath></BinaryStorableTransferObject><BinaryStorableTransferObject xmlns:xsi="http://www.w3.org/2001/XMLSchema-instance" xmlns:xsd="http://www.w3.org/2001/XMLSchema"><Url>epi.fx.blob://default/4d76d2be4c4a46c09960a3b473f5af60/9c34eb629f7e41a2a5a7d932f0c29859_Thumbnail.png</Url><PermanentLinkVirtualPath>~/link/4d76d2be4c4a46c09960a3b473f5af60.png</PermanentLinkVirtualPath><ProviderName>epi.fx.blob://default/4d76d2be4c4a46c09960a3b473f5af60/</ProviderName><ProviderRelativePath>9c34eb629f7e41a2a5a7d932f0c29859_Thumbnail.png</ProviderRelativePath></BinaryStorableTransferObject><BinaryStorableTransferObject xmlns:xsi="http://www.w3.org/2001/XMLSchema-instance" xmlns:xsd="http://www.w3.org/2001/XMLSchema"><Url>epi.fx.blob://default/b0ec4a498a5c4a4e982561a56e02ee56/10b0063854ce478ebbd5146b042dbaea.jpg</Url><PermanentLinkVirtualPath>~/link/b0ec4a498a5c4a4e982561a56e02ee56.jpg</PermanentLinkVirtualPath><ProviderName>epi.fx.blob://default/b0ec4a498a5c4a4e982561a56e02ee56/</ProviderName><ProviderRelativePath>10b0063854ce478ebbd5146b042dbaea.jpg</ProviderRelativePath></BinaryStorableTransferObject><BinaryStorableTransferObject xmlns:xsi="http://www.w3.org/2001/XMLSchema-instance" xmlns:xsd="http://www.w3.org/2001/XMLSchema"><Url>epi.fx.blob://default/b0ec4a498a5c4a4e982561a56e02ee56/10b0063854ce478ebbd5146b042dbaea_Thumbnail.png</Url><PermanentLinkVirtualPath>~/link/b0ec4a498a5c4a4e982561a56e02ee56.png</PermanentLinkVirtualPath><ProviderName>epi.fx.blob://default/b0ec4a498a5c4a4e982561a56e02ee56/</ProviderName><ProviderRelativePath>10b0063854ce478ebbd5146b042dbaea_Thumbnail.png</ProviderRelativePath></BinaryStorableTransferObject><BinaryStorableTransferObject xmlns:xsi="http://www.w3.org/2001/XMLSchema-instance" xmlns:xsd="http://www.w3.org/2001/XMLSchema"><Url>epi.fx.blob://default/7a50877f8cac4d56bda78f8887892985/ffdb42565ad94fb4b0455d367e8c72cb.jpg</Url><PermanentLinkVirtualPath>~/link/7a50877f8cac4d56bda78f8887892985.jpg</PermanentLinkVirtualPath><ProviderName>epi.fx.blob://default/7a50877f8cac4d56bda78f8887892985/</ProviderName><ProviderRelativePath>ffdb42565ad94fb4b0455d367e8c72cb.jpg</ProviderRelativePath></BinaryStorableTransferObject><BinaryStorableTransferObject xmlns:xsi="http://www.w3.org/2001/XMLSchema-instance" xmlns:xsd="http://www.w3.org/2001/XMLSchema"><Url>epi.fx.blob://default/7a50877f8cac4d56bda78f8887892985/ffdb42565ad94fb4b0455d367e8c72cb_Thumbnail.png</Url><PermanentLinkVirtualPath>~/link/7a50877f8cac4d56bda78f8887892985.png</PermanentLinkVirtualPath><ProviderName>epi.fx.blob://default/7a50877f8cac4d56bda78f8887892985/</ProviderName><ProviderRelativePath>ffdb42565ad94fb4b0455d367e8c72cb_Thumbnail.png</ProviderRelativePath></BinaryStorableTransferObject><BinaryStorableTransferObject xmlns:xsi="http://www.w3.org/2001/XMLSchema-instance" xmlns:xsd="http://www.w3.org/2001/XMLSchema"><Url>epi.fx.blob://default/d480e429f4904eb2bf1423ce849617d9/1c47c55cac3a48269722629cf5a3423a.jpg</Url><PermanentLinkVirtualPath>~/link/d480e429f4904eb2bf1423ce849617d9.jpg</PermanentLinkVirtualPath><ProviderName>epi.fx.blob://default/d480e429f4904eb2bf1423ce849617d9/</ProviderName><ProviderRelativePath>1c47c55cac3a48269722629cf5a3423a.jpg</ProviderRelativePath></BinaryStorableTransferObject><BinaryStorableTransferObject xmlns:xsi="http://www.w3.org/2001/XMLSchema-instance" xmlns:xsd="http://www.w3.org/2001/XMLSchema"><Url>epi.fx.blob://default/d480e429f4904eb2bf1423ce849617d9/1c47c55cac3a48269722629cf5a3423a_Thumbnail.png</Url><PermanentLinkVirtualPath>~/link/d480e429f4904eb2bf1423ce849617d9.png</PermanentLinkVirtualPath><ProviderName>epi.fx.blob://default/d480e429f4904eb2bf1423ce849617d9/</ProviderName><ProviderRelativePath>1c47c55cac3a48269722629cf5a3423a_Thumbnail.png</ProviderRelativePath></BinaryStorableTransferObject><BinaryStorableTransferObject xmlns:xsi="http://www.w3.org/2001/XMLSchema-instance" xmlns:xsd="http://www.w3.org/2001/XMLSchema"><Url>epi.fx.blob://default/7e156dc089e044ac9fad3989d2542804/bd0fef0c93b2473383ce5e133d8d0327.jpg</Url><PermanentLinkVirtualPath>~/link/7e156dc089e044ac9fad3989d2542804.jpg</PermanentLinkVirtualPath><ProviderName>epi.fx.blob://default/7e156dc089e044ac9fad3989d2542804/</ProviderName><ProviderRelativePath>bd0fef0c93b2473383ce5e133d8d0327.jpg</ProviderRelativePath></BinaryStorableTransferObject><BinaryStorableTransferObject xmlns:xsi="http://www.w3.org/2001/XMLSchema-instance" xmlns:xsd="http://www.w3.org/2001/XMLSchema"><Url>epi.fx.blob://default/7e156dc089e044ac9fad3989d2542804/bd0fef0c93b2473383ce5e133d8d0327_Thumbnail.png</Url><PermanentLinkVirtualPath>~/link/7e156dc089e044ac9fad3989d2542804.png</PermanentLinkVirtualPath><ProviderName>epi.fx.blob://default/7e156dc089e044ac9fad3989d2542804/</ProviderName><ProviderRelativePath>bd0fef0c93b2473383ce5e133d8d0327_Thumbnail.png</ProviderRelativePath></BinaryStorableTransferObject><BinaryStorableTransferObject xmlns:xsi="http://www.w3.org/2001/XMLSchema-instance" xmlns:xsd="http://www.w3.org/2001/XMLSchema"><Url>epi.fx.blob://default/6f97d70164be4681975690d8f8c05379/6d025d5efdb648ca93304415d58feb54.jpg</Url><PermanentLinkVirtualPath>~/link/6f97d70164be4681975690d8f8c05379.jpg</PermanentLinkVirtualPath><ProviderName>epi.fx.blob://default/6f97d70164be4681975690d8f8c05379/</ProviderName><ProviderRelativePath>6d025d5efdb648ca93304415d58feb54.jpg</ProviderRelativePath></BinaryStorableTransferObject><BinaryStorableTransferObject xmlns:xsi="http://www.w3.org/2001/XMLSchema-instance" xmlns:xsd="http://www.w3.org/2001/XMLSchema"><Url>epi.fx.blob://default/6f97d70164be4681975690d8f8c05379/6d025d5efdb648ca93304415d58feb54_Thumbnail.png</Url><PermanentLinkVirtualPath>~/link/6f97d70164be4681975690d8f8c05379.png</PermanentLinkVirtualPath><ProviderName>epi.fx.blob://default/6f97d70164be4681975690d8f8c05379/</ProviderName><ProviderRelativePath>6d025d5efdb648ca93304415d58feb54_Thumbnail.png</ProviderRelativePath></BinaryStorableTransferObject><BinaryStorableTransferObject xmlns:xsi="http://www.w3.org/2001/XMLSchema-instance" xmlns:xsd="http://www.w3.org/2001/XMLSchema"><Url>epi.fx.blob://default/df6af7194f454b2ebc268f924e762bf5/20fb994a1fca423b9eafb1f5972b3a75.jpg</Url><PermanentLinkVirtualPath>~/link/df6af7194f454b2ebc268f924e762bf5.jpg</PermanentLinkVirtualPath><ProviderName>epi.fx.blob://default/df6af7194f454b2ebc268f924e762bf5/</ProviderName><ProviderRelativePath>20fb994a1fca423b9eafb1f5972b3a75.jpg</ProviderRelativePath></BinaryStorableTransferObject><BinaryStorableTransferObject xmlns:xsi="http://www.w3.org/2001/XMLSchema-instance" xmlns:xsd="http://www.w3.org/2001/XMLSchema"><Url>epi.fx.blob://default/df6af7194f454b2ebc268f924e762bf5/20fb994a1fca423b9eafb1f5972b3a75_Thumbnail.png</Url><PermanentLinkVirtualPath>~/link/df6af7194f454b2ebc268f924e762bf5.png</PermanentLinkVirtualPath><ProviderName>epi.fx.blob://default/df6af7194f454b2ebc268f924e762bf5/</ProviderName><ProviderRelativePath>20fb994a1fca423b9eafb1f5972b3a75_Thumbnail.png</ProviderRelativePath></BinaryStorableTransferObject><BinaryStorableTransferObject xmlns:xsi="http://www.w3.org/2001/XMLSchema-instance" xmlns:xsd="http://www.w3.org/2001/XMLSchema"><Url>epi.fx.blob://default/bbc85079e7a94025a81296eb4c689512/e6b6a9b869714ea485f3fd17c38b537f.png</Url><PermanentLinkVirtualPath>~/link/bbc85079e7a94025a81296eb4c689512.png</PermanentLinkVirtualPath><ProviderName>epi.fx.blob://default/bbc85079e7a94025a81296eb4c689512/</ProviderName><ProviderRelativePath>e6b6a9b869714ea485f3fd17c38b537f.png</ProviderRelativePath></BinaryStorableTransferObject><BinaryStorableTransferObject xmlns:xsi="http://www.w3.org/2001/XMLSchema-instance" xmlns:xsd="http://www.w3.org/2001/XMLSchema"><Url>epi.fx.blob://default/671c665767924280b5a9b88dffc2f6c7/6598d114649f403494a5e39ae0e52e12.png</Url><PermanentLinkVirtualPath>~/link/671c665767924280b5a9b88dffc2f6c7.png</PermanentLinkVirtualPath><ProviderName>epi.fx.blob://default/671c665767924280b5a9b88dffc2f6c7/</ProviderName><ProviderRelativePath>6598d114649f403494a5e39ae0e52e12.png</ProviderRelativePath></BinaryStorableTransferObject><BinaryStorableTransferObject xmlns:xsi="http://www.w3.org/2001/XMLSchema-instance" xmlns:xsd="http://www.w3.org/2001/XMLSchema"><Url>epi.fx.blob://default/671c665767924280b5a9b88dffc2f6c7/6598d114649f403494a5e39ae0e52e12_Thumbnail.png</Url><PermanentLinkVirtualPath>~/link/671c665767924280b5a9b88dffc2f6c7.png</PermanentLinkVirtualPath><ProviderName>epi.fx.blob://default/671c665767924280b5a9b88dffc2f6c7/</ProviderName><ProviderRelativePath>6598d114649f403494a5e39ae0e52e12_Thumbnail.png</ProviderRelativePath></BinaryStorableTransferObject><BinaryStorableTransferObject xmlns:xsi="http://www.w3.org/2001/XMLSchema-instance" xmlns:xsd="http://www.w3.org/2001/XMLSchema"><Url>epi.fx.blob://default/ae65213974ec42c6b8700d4a4fa3ffdf/3654f95ce9c243b88a097eafa064ebda.png</Url><PermanentLinkVirtualPath>~/link/ae65213974ec42c6b8700d4a4fa3ffdf.png</PermanentLinkVirtualPath><ProviderName>epi.fx.blob://default/ae65213974ec42c6b8700d4a4fa3ffdf/</ProviderName><ProviderRelativePath>3654f95ce9c243b88a097eafa064ebda.png</ProviderRelativePath></BinaryStorableTransferObject><BinaryStorableTransferObject xmlns:xsi="http://www.w3.org/2001/XMLSchema-instance" xmlns:xsd="http://www.w3.org/2001/XMLSchema"><Url>epi.fx.blob://default/ae65213974ec42c6b8700d4a4fa3ffdf/3654f95ce9c243b88a097eafa064ebda_Thumbnail.png</Url><PermanentLinkVirtualPath>~/link/ae65213974ec42c6b8700d4a4fa3ffdf.png</PermanentLinkVirtualPath><ProviderName>epi.fx.blob://default/ae65213974ec42c6b8700d4a4fa3ffdf/</ProviderName><ProviderRelativePath>3654f95ce9c243b88a097eafa064ebda_Thumbnail.png</ProviderRelativePath></BinaryStorableTransferObject><BinaryStorableTransferObject xmlns:xsi="http://www.w3.org/2001/XMLSchema-instance" xmlns:xsd="http://www.w3.org/2001/XMLSchema"><Url>epi.fx.blob://default/0498158f4f4e4255b3c57e4cc118f3f1/5711adc33ff74277b38dbe7c3aa342ae.jpg</Url><PermanentLinkVirtualPath>~/link/0498158f4f4e4255b3c57e4cc118f3f1.jpg</PermanentLinkVirtualPath><ProviderName>epi.fx.blob://default/0498158f4f4e4255b3c57e4cc118f3f1/</ProviderName><ProviderRelativePath>5711adc33ff74277b38dbe7c3aa342ae.jpg</ProviderRelativePath></BinaryStorableTransferObject><BinaryStorableTransferObject xmlns:xsi="http://www.w3.org/2001/XMLSchema-instance" xmlns:xsd="http://www.w3.org/2001/XMLSchema"><Url>epi.fx.blob://default/0498158f4f4e4255b3c57e4cc118f3f1/5711adc33ff74277b38dbe7c3aa342ae_Thumbnail.png</Url><PermanentLinkVirtualPath>~/link/0498158f4f4e4255b3c57e4cc118f3f1.png</PermanentLinkVirtualPath><ProviderName>epi.fx.blob://default/0498158f4f4e4255b3c57e4cc118f3f1/</ProviderName><ProviderRelativePath>5711adc33ff74277b38dbe7c3aa342ae_Thumbnail.png</ProviderRelativePath></BinaryStorableTransferObject><BinaryStorableTransferObject xmlns:xsi="http://www.w3.org/2001/XMLSchema-instance" xmlns:xsd="http://www.w3.org/2001/XMLSchema"><Url>epi.fx.blob://default/f78185d57fa34ddda45f75639e4a9a7d/113a67b58a154f87956cbb16f8b6a2fa.jpg</Url><PermanentLinkVirtualPath>~/link/f78185d57fa34ddda45f75639e4a9a7d.jpg</PermanentLinkVirtualPath><ProviderName>epi.fx.blob://default/f78185d57fa34ddda45f75639e4a9a7d/</ProviderName><ProviderRelativePath>113a67b58a154f87956cbb16f8b6a2fa.jpg</ProviderRelativePath></BinaryStorableTransferObject><BinaryStorableTransferObject xmlns:xsi="http://www.w3.org/2001/XMLSchema-instance" xmlns:xsd="http://www.w3.org/2001/XMLSchema"><Url>epi.fx.blob://default/f78185d57fa34ddda45f75639e4a9a7d/113a67b58a154f87956cbb16f8b6a2fa_Thumbnail.png</Url><PermanentLinkVirtualPath>~/link/f78185d57fa34ddda45f75639e4a9a7d.png</PermanentLinkVirtualPath><ProviderName>epi.fx.blob://default/f78185d57fa34ddda45f75639e4a9a7d/</ProviderName><ProviderRelativePath>113a67b58a154f87956cbb16f8b6a2fa_Thumbnail.png</ProviderRelativePath></BinaryStorableTransferObject></files></exportFiles>