<?xml version="1.0"?>
<ArrayOfSerialiazableGuidEntry xmlns:xsi="http://www.w3.org/2001/XMLSchema-instance" xmlns:xsd="http://www.w3.org/2001/XMLSchema">
  <SerialiazableGuidEntry>
    <Key>7b08c7d5-7585-47e5-add7-5822da68c3ce</Key>
    <Value>00000000-0000-0000-0000-000000000000</Value>
  </SerialiazableGuidEntry>
  <SerialiazableGuidEntry>
    <Key>fdac9c5f-86b6-4223-b4a6-397fe72483f9</Key>
    <Value>00000000-0000-0000-0000-000000000000</Value>
  </SerialiazableGuidEntry>
  <SerialiazableGuidEntry>
    <Key>d581c90b-3b11-45e1-8eb3-43dc5d88a2f2</Key>
    <Value>00000000-0000-0000-0000-000000000000</Value>
  </SerialiazableGuidEntry>
  <SerialiazableGuidEntry>
    <Key>b28e8711-2526-4696-b02d-8249cf812e84</Key>
    <Value>00000000-0000-0000-0000-000000000000</Value>
  </SerialiazableGuidEntry>
  <SerialiazableGuidEntry>
    <Key>456929c5-d6b8-46c5-b339-896be5ccfddc</Key>
    <Value>00000000-0000-0000-0000-000000000000</Value>
  </SerialiazableGuidEntry>
  <SerialiazableGuidEntry>
    <Key>61104228-962d-4dd2-925c-b5b12e2373ee</Key>
    <Value>00000000-0000-0000-0000-000000000000</Value>
  </SerialiazableGuidEntry>
  <SerialiazableGuidEntry>
    <Key>2e49372f-7795-4ab4-a2b0-bc4d4884d8d4</Key>
    <Value>00000000-0000-0000-0000-000000000000</Value>
  </SerialiazableGuidEntry>
  <SerialiazableGuidEntry>
    <Key>8c9ccb7a-963f-4d19-9672-7fd7356a2252</Key>
    <Value>00000000-0000-0000-0000-000000000000</Value>
  </SerialiazableGuidEntry>
  <SerialiazableGuidEntry>
    <Key>c270ed05-2444-411b-94a6-64e4d058fd88</Key>
    <Value>00000000-0000-0000-0000-000000000000</Value>
  </SerialiazableGuidEntry>
  <SerialiazableGuidEntry>
    <Key>babc6c2c-49a0-427f-be21-cf1eeb88bcc6</Key>
    <Value>00000000-0000-0000-0000-000000000000</Value>
  </SerialiazableGuidEntry>
  <SerialiazableGuidEntry>
    <Key>552f10a3-8b63-4802-888d-cb21fea2d77d</Key>
    <Value>00000000-0000-0000-0000-000000000000</Value>
  </SerialiazableGuidEntry>
  <SerialiazableGuidEntry>
    <Key>7b5df702-5a5f-4f84-94f5-f4ee5bbbb67b</Key>
    <Value>00000000-0000-0000-0000-000000000000</Value>
  </SerialiazableGuidEntry>
  <SerialiazableGuidEntry>
    <Key>29c3dce8-3b67-49c7-b8a7-f61fac56e09f</Key>
    <Value>00000000-0000-0000-0000-000000000000</Value>
  </SerialiazableGuidEntry>
  <SerialiazableGuidEntry>
    <Key>5b13f5b9-94d7-4713-a23c-3dcfc168aae4</Key>
    <Value>00000000-0000-0000-0000-000000000000</Value>
  </SerialiazableGuidEntry>
  <SerialiazableGuidEntry>
    <Key>a011de63-4a2d-4147-9df5-b24844e1f577</Key>
    <Value>00000000-0000-0000-0000-000000000000</Value>
  </SerialiazableGuidEntry>
  <SerialiazableGuidEntry>
    <Key>f9106a54-92e7-49cd-851b-6c330a933fa5</Key>
    <Value>00000000-0000-0000-0000-000000000000</Value>
  </SerialiazableGuidEntry>
  <SerialiazableGuidEntry>
    <Key>588b2a04-0b50-483c-983c-51a40a53da65</Key>
    <Value>00000000-0000-0000-0000-000000000000</Value>
  </SerialiazableGuidEntry>
  <SerialiazableGuidEntry>
    <Key>6f807072-6589-498f-a94c-2c219397dbcd</Key>
    <Value>00000000-0000-0000-0000-000000000000</Value>
  </SerialiazableGuidEntry>
  <SerialiazableGuidEntry>
    <Key>45f62a59-0df9-4a31-b168-bcab64789853</Key>
    <Value>00000000-0000-0000-0000-000000000000</Value>
  </SerialiazableGuidEntry>
  <SerialiazableGuidEntry>
    <Key>80b9623b-89c6-4055-b40d-84d1d49ec673</Key>
    <Value>00000000-0000-0000-0000-000000000000</Value>
  </SerialiazableGuidEntry>
  <SerialiazableGuidEntry>
    <Key>9d7f91f0-fd9a-43da-9e30-18991ad51026</Key>
    <Value>00000000-0000-0000-0000-000000000000</Value>
  </SerialiazableGuidEntry>
  <SerialiazableGuidEntry>
    <Key>1ff1fd6c-3bc4-469d-9e8f-943b4afdf28d</Key>
    <Value>00000000-0000-0000-0000-000000000000</Value>
  </SerialiazableGuidEntry>
  <SerialiazableGuidEntry>
    <Key>43772e2d-46fa-412a-92ea-16bc0940fcda</Key>
    <Value>00000000-0000-0000-0000-000000000000</Value>
  </SerialiazableGuidEntry>
  <SerialiazableGuidEntry>
    <Key>f5d5ac23-d96d-4c2f-b8e1-56dfe7e05733</Key>
    <Value>00000000-0000-0000-0000-000000000000</Value>
  </SerialiazableGuidEntry>
  <SerialiazableGuidEntry>
    <Key>ef61f729-8e7a-4c56-aede-98d361f1556d</Key>
    <Value>00000000-0000-0000-0000-000000000000</Value>
  </SerialiazableGuidEntry>
  <SerialiazableGuidEntry>
    <Key>e9cefa25-6a0a-47d0-b12c-74c3f6a51c9a</Key>
    <Value>00000000-0000-0000-0000-000000000000</Value>
  </SerialiazableGuidEntry>
  <SerialiazableGuidEntry>
    <Key>6a5312a5-f9b7-40bd-a6b3-4f2ae2bdf7c0</Key>
    <Value>00000000-0000-0000-0000-000000000000</Value>
  </SerialiazableGuidEntry>
  <SerialiazableGuidEntry>
    <Key>42cfb67a-6c8c-4253-8ff0-366d442a30cc</Key>
    <Value>00000000-0000-0000-0000-000000000000</Value>
  </SerialiazableGuidEntry>
  <SerialiazableGuidEntry>
    <Key>bd89ba6e-d4d8-4cc2-af53-35160b768996</Key>
    <Value>00000000-0000-0000-0000-000000000000</Value>
  </SerialiazableGuidEntry>
  <SerialiazableGuidEntry>
    <Key>ed475b91-4904-4437-95e8-c63f91afcb5c</Key>
    <Value>00000000-0000-0000-0000-000000000000</Value>
  </SerialiazableGuidEntry>
  <SerialiazableGuidEntry>
    <Key>310b49a7-f3b2-488a-b21b-895fe69baa09</Key>
    <Value>00000000-0000-0000-0000-000000000000</Value>
  </SerialiazableGuidEntry>
  <SerialiazableGuidEntry>
    <Key>65c5917b-6a66-4e7b-afe6-96d905338c2d</Key>
    <Value>00000000-0000-0000-0000-000000000000</Value>
  </SerialiazableGuidEntry>
  <SerialiazableGuidEntry>
    <Key>3843b6e6-c614-415a-a4ff-ce39b32af13b</Key>
    <Value>00000000-0000-0000-0000-000000000000</Value>
  </SerialiazableGuidEntry>
  <SerialiazableGuidEntry>
    <Key>019e9700-572f-49ad-afa0-766ff42cab50</Key>
    <Value>00000000-0000-0000-0000-000000000000</Value>
  </SerialiazableGuidEntry>
  <SerialiazableGuidEntry>
    <Key>359a4fcb-5f71-4c15-a388-d15afb4537df</Key>
    <Value>00000000-0000-0000-0000-000000000000</Value>
  </SerialiazableGuidEntry>
  <SerialiazableGuidEntry>
    <Key>c578212b-b963-475d-afb0-ae9dbad20c9e</Key>
    <Value>00000000-0000-0000-0000-000000000000</Value>
  </SerialiazableGuidEntry>
  <SerialiazableGuidEntry>
    <Key>3b16c17d-4943-44de-87c2-9324395d01bb</Key>
    <Value>00000000-0000-0000-0000-000000000000</Value>
  </SerialiazableGuidEntry>
  <SerialiazableGuidEntry>
    <Key>6a18c2dd-c55a-40d4-aa35-4586885bbfbb</Key>
    <Value>00000000-0000-0000-0000-000000000000</Value>
  </SerialiazableGuidEntry>
  <SerialiazableGuidEntry>
    <Key>121a2045-e3f2-405c-bba8-d791018e2a65</Key>
    <Value>00000000-0000-0000-0000-000000000000</Value>
  </SerialiazableGuidEntry>
  <SerialiazableGuidEntry>
    <Key>f70acf4c-6ec7-4fcf-971e-9599ba475cda</Key>
    <Value>00000000-0000-0000-0000-000000000000</Value>
  </SerialiazableGuidEntry>
  <SerialiazableGuidEntry>
    <Key>7ed3da6f-a4ef-491b-b367-8895617b2c40</Key>
    <Value>00000000-0000-0000-0000-000000000000</Value>
  </SerialiazableGuidEntry>
  <SerialiazableGuidEntry>
    <Key>8c0c16d8-20af-4289-9aad-885169e999a2</Key>
    <Value>00000000-0000-0000-0000-000000000000</Value>
  </SerialiazableGuidEntry>
  <SerialiazableGuidEntry>
    <Key>b3de4bd0-eccf-46b1-8eb9-c2650f0cb856</Key>
    <Value>00000000-0000-0000-0000-000000000000</Value>
  </SerialiazableGuidEntry>
  <SerialiazableGuidEntry>
    <Key>44b29071-6418-4c2f-aee6-2158702afe21</Key>
    <Value>00000000-0000-0000-0000-000000000000</Value>
  </SerialiazableGuidEntry>
  <SerialiazableGuidEntry>
    <Key>d1a5f98b-733e-4e20-bf2f-a0a18a25d931</Key>
    <Value>00000000-0000-0000-0000-000000000000</Value>
  </SerialiazableGuidEntry>
  <SerialiazableGuidEntry>
    <Key>f5615258-819f-4b7e-a909-f4f29955b35e</Key>
    <Value>00000000-0000-0000-0000-000000000000</Value>
  </SerialiazableGuidEntry>
  <SerialiazableGuidEntry>
    <Key>02a413a1-6214-4b11-ace2-d749fed1f745</Key>
    <Value>00000000-0000-0000-0000-000000000000</Value>
  </SerialiazableGuidEntry>
  <SerialiazableGuidEntry>
    <Key>f1e172d6-13ec-4613-ad40-4c761b981bb1</Key>
    <Value>00000000-0000-0000-0000-000000000000</Value>
  </SerialiazableGuidEntry>
  <SerialiazableGuidEntry>
    <Key>04a07b2c-75f1-455c-9398-e36fddc0cd9d</Key>
    <Value>00000000-0000-0000-0000-000000000000</Value>
  </SerialiazableGuidEntry>
  <SerialiazableGuidEntry>
    <Key>3cb2278e-d948-4302-8c47-2a0010f224e1</Key>
    <Value>00000000-0000-0000-0000-000000000000</Value>
  </SerialiazableGuidEntry>
  <SerialiazableGuidEntry>
    <Key>a0e7c3a5-87ef-4aab-9c8f-1ea020bad3cc</Key>
    <Value>00000000-0000-0000-0000-000000000000</Value>
  </SerialiazableGuidEntry>
  <SerialiazableGuidEntry>
    <Key>87003215-250b-4b92-bb3f-30bba210d209</Key>
    <Value>00000000-0000-0000-0000-000000000000</Value>
  </SerialiazableGuidEntry>
  <SerialiazableGuidEntry>
    <Key>13230561-9d6f-4ff8-afe7-e055820588b3</Key>
    <Value>00000000-0000-0000-0000-000000000000</Value>
  </SerialiazableGuidEntry>
  <SerialiazableGuidEntry>
    <Key>5a4470c3-b600-48b4-ac7a-78189d2e063b</Key>
    <Value>00000000-0000-0000-0000-000000000000</Value>
  </SerialiazableGuidEntry>
  <SerialiazableGuidEntry>
    <Key>45dc9a7f-6ab6-4a14-81a2-841e922d3936</Key>
    <Value>00000000-0000-0000-0000-000000000000</Value>
  </SerialiazableGuidEntry>
  <SerialiazableGuidEntry>
    <Key>4dacf7fa-7f9c-4472-acfd-6cbf7363bdba</Key>
    <Value>00000000-0000-0000-0000-000000000000</Value>
  </SerialiazableGuidEntry>
  <SerialiazableGuidEntry>
    <Key>0c996796-0ef9-4816-90d0-86d0276e57ca</Key>
    <Value>00000000-0000-0000-0000-000000000000</Value>
  </SerialiazableGuidEntry>
  <SerialiazableGuidEntry>
    <Key>c0fc09c0-3681-406e-95e6-102fa4dc4268</Key>
    <Value>00000000-0000-0000-0000-000000000000</Value>
  </SerialiazableGuidEntry>
  <SerialiazableGuidEntry>
    <Key>421f8f60-ecdb-4ab7-a01f-0c5454bdd521</Key>
    <Value>00000000-0000-0000-0000-000000000000</Value>
  </SerialiazableGuidEntry>
  <SerialiazableGuidEntry>
    <Key>d657fc6e-1c8a-400e-8117-7aa063f001a6</Key>
    <Value>00000000-0000-0000-0000-000000000000</Value>
  </SerialiazableGuidEntry>
  <SerialiazableGuidEntry>
    <Key>56254b9a-b916-4b32-ac36-75c64991bdd5</Key>
    <Value>00000000-0000-0000-0000-000000000000</Value>
  </SerialiazableGuidEntry>
  <SerialiazableGuidEntry>
    <Key>728a02a5-bbc7-4fbc-b29d-eb00206d87e8</Key>
    <Value>00000000-0000-0000-0000-000000000000</Value>
  </SerialiazableGuidEntry>
  <SerialiazableGuidEntry>
    <Key>d43793ce-1362-4c08-8309-da163ce4a0f1</Key>
    <Value>00000000-0000-0000-0000-000000000000</Value>
  </SerialiazableGuidEntry>
  <SerialiazableGuidEntry>
    <Key>6fd5dc69-8463-4c16-83b5-cea8df14ef5c</Key>
    <Value>00000000-0000-0000-0000-000000000000</Value>
  </SerialiazableGuidEntry>
  <SerialiazableGuidEntry>
    <Key>521b18bc-25e1-4fb0-89e1-e2c0b1f2af31</Key>
    <Value>00000000-0000-0000-0000-000000000000</Value>
  </SerialiazableGuidEntry>
  <SerialiazableGuidEntry>
    <Key>2e8fa596-ca4e-4c31-85ab-d8c527a94534</Key>
    <Value>00000000-0000-0000-0000-000000000000</Value>
  </SerialiazableGuidEntry>
  <SerialiazableGuidEntry>
    <Key>1754af8e-cbcb-415d-9cb1-5f4ba7ae4970</Key>
    <Value>00000000-0000-0000-0000-000000000000</Value>
  </SerialiazableGuidEntry>
  <SerialiazableGuidEntry>
    <Key>53aabeab-abf9-43f7-b5b8-cf9427c4557c</Key>
    <Value>00000000-0000-0000-0000-000000000000</Value>
  </SerialiazableGuidEntry>
  <SerialiazableGuidEntry>
    <Key>3b99c185-08a1-49fc-8cd9-f858157140c7</Key>
    <Value>00000000-0000-0000-0000-000000000000</Value>
  </SerialiazableGuidEntry>
  <SerialiazableGuidEntry>
    <Key>dd2ec8bf-05d9-4f17-bc12-51e17a7e6432</Key>
    <Value>00000000-0000-0000-0000-000000000000</Value>
  </SerialiazableGuidEntry>
  <SerialiazableGuidEntry>
    <Key>2415d9cd-a647-488b-8a66-63b76a322441</Key>
    <Value>00000000-0000-0000-0000-000000000000</Value>
  </SerialiazableGuidEntry>
  <SerialiazableGuidEntry>
    <Key>a5a29097-1402-4d14-9708-42778dadcd4b</Key>
    <Value>00000000-0000-0000-0000-000000000000</Value>
  </SerialiazableGuidEntry>
  <SerialiazableGuidEntry>
    <Key>fa579d67-d094-4f77-837e-e49410b25a8d</Key>
    <Value>00000000-0000-0000-0000-000000000000</Value>
  </SerialiazableGuidEntry>
  <SerialiazableGuidEntry>
    <Key>7e611119-a18b-4eed-b718-92cc3b184fad</Key>
    <Value>00000000-0000-0000-0000-000000000000</Value>
  </SerialiazableGuidEntry>
  <SerialiazableGuidEntry>
    <Key>60cee4e3-5cc5-4cce-92f7-bab509fc8761</Key>
    <Value>00000000-0000-0000-0000-000000000000</Value>
  </SerialiazableGuidEntry>
  <SerialiazableGuidEntry>
    <Key>ad83ac62-479e-41b6-9a2e-7d7819d3b883</Key>
    <Value>00000000-0000-0000-0000-000000000000</Value>
  </SerialiazableGuidEntry>
  <SerialiazableGuidEntry>
    <Key>a682aae6-bf25-411d-a06e-6c5ac3249316</Key>
    <Value>00000000-0000-0000-0000-000000000000</Value>
  </SerialiazableGuidEntry>
  <SerialiazableGuidEntry>
    <Key>ef0a93a0-b453-4afb-b88a-ee2a302f9914</Key>
    <Value>00000000-0000-0000-0000-000000000000</Value>
  </SerialiazableGuidEntry>
  <SerialiazableGuidEntry>
    <Key>da382e6d-ce13-41c2-a384-e5d0847ee32c</Key>
    <Value>00000000-0000-0000-0000-000000000000</Value>
  </SerialiazableGuidEntry>
  <SerialiazableGuidEntry>
    <Key>4d76d2be-4c4a-46c0-9960-a3b473f5af60</Key>
    <Value>00000000-0000-0000-0000-000000000000</Value>
  </SerialiazableGuidEntry>
  <SerialiazableGuidEntry>
    <Key>5c9ab215-f085-4368-9952-1d2404855750</Key>
    <Value>00000000-0000-0000-0000-000000000000</Value>
  </SerialiazableGuidEntry>
  <SerialiazableGuidEntry>
    <Key>b0ec4a49-8a5c-4a4e-9825-61a56e02ee56</Key>
    <Value>00000000-0000-0000-0000-000000000000</Value>
  </SerialiazableGuidEntry>
  <SerialiazableGuidEntry>
    <Key>c999c6a2-7e49-4c86-95fe-86beb333ceea</Key>
    <Value>00000000-0000-0000-0000-000000000000</Value>
  </SerialiazableGuidEntry>
  <SerialiazableGuidEntry>
    <Key>7a50877f-8cac-4d56-bda7-8f8887892985</Key>
    <Value>00000000-0000-0000-0000-000000000000</Value>
  </SerialiazableGuidEntry>
  <SerialiazableGuidEntry>
    <Key>d480e429-f490-4eb2-bf14-23ce849617d9</Key>
    <Value>00000000-0000-0000-0000-000000000000</Value>
  </SerialiazableGuidEntry>
  <SerialiazableGuidEntry>
    <Key>328a8150-9ab3-4dcf-ab70-67863b4b3ef2</Key>
    <Value>00000000-0000-0000-0000-000000000000</Value>
  </SerialiazableGuidEntry>
  <SerialiazableGuidEntry>
    <Key>7e156dc0-89e0-44ac-9fad-3989d2542804</Key>
    <Value>00000000-0000-0000-0000-000000000000</Value>
  </SerialiazableGuidEntry>
  <SerialiazableGuidEntry>
    <Key>d49f8956-211e-4189-bd4c-2b2c248ac1e5</Key>
    <Value>00000000-0000-0000-0000-000000000000</Value>
  </SerialiazableGuidEntry>
  <SerialiazableGuidEntry>
    <Key>6f97d701-64be-4681-9756-90d8f8c05379</Key>
    <Value>00000000-0000-0000-0000-000000000000</Value>
  </SerialiazableGuidEntry>
  <SerialiazableGuidEntry>
    <Key>20eb2ee1-3c6e-4b93-af68-91e8dfec7162</Key>
    <Value>00000000-0000-0000-0000-000000000000</Value>
  </SerialiazableGuidEntry>
  <SerialiazableGuidEntry>
    <Key>1eebd5c4-ec99-4fb1-8c0c-6bf1643c3b17</Key>
    <Value>00000000-0000-0000-0000-000000000000</Value>
  </SerialiazableGuidEntry>
  <SerialiazableGuidEntry>
    <Key>2e7a1f3d-d481-4e8e-ac15-49cc0a6c37bc</Key>
    <Value>00000000-0000-0000-0000-000000000000</Value>
  </SerialiazableGuidEntry>
  <SerialiazableGuidEntry>
    <Key>df6af719-4f45-4b2e-bc26-8f924e762bf5</Key>
    <Value>00000000-0000-0000-0000-000000000000</Value>
  </SerialiazableGuidEntry>
  <SerialiazableGuidEntry>
    <Key>f4a4bedd-a811-4159-ab2e-c98705bd9e8a</Key>
    <Value>00000000-0000-0000-0000-000000000000</Value>
  </SerialiazableGuidEntry>
  <SerialiazableGuidEntry>
    <Key>bbc85079-e7a9-4025-a812-96eb4c689512</Key>
    <Value>00000000-0000-0000-0000-000000000000</Value>
  </SerialiazableGuidEntry>
  <SerialiazableGuidEntry>
    <Key>671c6657-6792-4280-b5a9-b88dffc2f6c7</Key>
    <Value>00000000-0000-0000-0000-000000000000</Value>
  </SerialiazableGuidEntry>
  <SerialiazableGuidEntry>
    <Key>ae652139-74ec-42c6-b870-0d4a4fa3ffdf</Key>
    <Value>00000000-0000-0000-0000-000000000000</Value>
  </SerialiazableGuidEntry>
  <SerialiazableGuidEntry>
    <Key>0498158f-4f4e-4255-b3c5-7e4cc118f3f1</Key>
    <Value>00000000-0000-0000-0000-000000000000</Value>
  </SerialiazableGuidEntry>
  <SerialiazableGuidEntry>
    <Key>3ef2cc75-6484-4795-b44b-44ab82ef8f11</Key>
    <Value>00000000-0000-0000-0000-000000000000</Value>
  </SerialiazableGuidEntry>
  <SerialiazableGuidEntry>
    <Key>f78185d5-7fa3-4ddd-a45f-75639e4a9a7d</Key>
    <Value>00000000-0000-0000-0000-000000000000</Value>
  </SerialiazableGuidEntry>
</ArrayOfSerialiazableGuidEntry>