<?xml version="1.0" encoding="utf-8" ?>
<languages>
  <language name="English" id="en">
      <changelog>
        <activitytypes>
            <changeapproval>
                <approve>Approve</approve>
                <approvestep>Approve step</approvestep>
                <description>Change Approval</description>
                <reject>Reject</reject>
                <rejectstep>Reject step</rejectstep>
            </changeapproval>
        </activitytypes>
    </changelog>
    <episerver>
      <changeapproval>
        <uinotification>
          <contentdeleted>The content for this notification has been deleted</contentdeleted>
          <stepcountoftotalsteps>Step {0} of {1}</stepcountoftotalsteps>
          <requestedby>Requested by {0}</requestedby>
          <donothaveaccessright>{0} performed an action on an item that you do not have access rights to.</donothaveaccessright>
        </uinotification>
          <inreviewmessagebar>
              <securitysettingcommand>Changed access rights for this content are in review. Changes cannot be made until they are either approved or declined.</securitysettingcommand>
              <languagesettingcommand>Changed language settings for this content are in review. Changes cannot be made until they are either approved or declined.</languagesettingcommand>
              <movingcontentcommand>Changed hierarchical settings for this content are in review. Changes cannot be made until they are either approved or declined.</movingcontentcommand>
              <expirationdatesettingcommand>Changed expiration settings for this content in &lt;strong&gt;{language}&lt;/strong&gt; are in review. Changes cannot be made until they are either approved or declined.</expirationdatesettingcommand>
          </inreviewmessagebar>
        <decision>
          <approved>approved</approved>
          <declined>declined</declined>
        </decision>
        <errormessage>
          <approvalcommandnotfound>Command not found.</approvalcommandnotfound>
          <approvalhaschangedstatus>This approval is no longer under review. Please reload the page.</approvalhaschangedstatus>
          <approvalcommandinvalid>This command is not available for approval.</approvalcommandinvalid>
          <approvalcommentrequired>The approval sequence requires a comment.</approvalcommentrequired>
          <nochangeapprovalfound>No ongoing review found for this content.</nochangeapprovalfound>
        </errormessage>
        <command>
          <approvechanges>
            <label>Approve Changes</label>
            <title>Approve Changes</title>
            <placeholder>Please motivate why you are approving the changes…</placeholder>
            <confirmactiontext>Approve Changes</confirmactiontext>
          </approvechanges>
          <rejectchanges>
            <label>Decline Changes</label>
            <title>Decline Changes</title>
            <placeholder>Please motivate why you are declining the changes…</placeholder>
            <confirmactiontext>Decline Changes</confirmactiontext>
          </rejectchanges>
          <forcecomplete>
            <label>Approve Entire Approval Sequence</label>
            <title>Approve Entire Approval Sequence</title>
            <description>Are you sure that you want to approve the entire approval sequence? This will approve all remaining steps. This action cannot be undone.</description>
            <placeholder>Please specify why you are forcing approval of the changes…</placeholder>
            <confirmactiontext>Approve Sequence</confirmactiontext>
          </forcecomplete>
          <cancel>
            <label>Cancel Review Request</label>
          </cancel>
        </command>
        <accesslevels>
          <NoAccess>No Access</NoAccess>
          <Read>Read</Read>
          <Create>Create</Create>
          <Edit>Change</Edit>
          <Delete>Delete</Delete>
          <Publish>Publish</Publish>
          <Administer>Administer</Administer>
          <FullAccess>Full Access</FullAccess>
          <Undefined>Undefined</Undefined>
        </accesslevels>
        <changeapprovalcomponent>
          <title>Change Approval</title>
          <description>Display list of commands need to be approved.</description>
        </changeapprovalcomponent>
        <approvalcommandview>
          <description>Details information of the command.</description>
          <changeapproval>Change Approval</changeapproval>
          <close>Close</close>
          <donothaveaccessright>You do not have the access right to view this content.</donothaveaccessright>
          <status>
            <accepted>Changes were approved</accepted>
            <declined>Changes were rejected</declined>
            <canceled>Changes were canceled</canceled>
            <pending>In review</pending>
            <awaitingapproval>Awaiting your review</awaitingapproval>
          </status>
          <titles>
            <security>Security change</security>
            <language>Language settings change</language>
            <moving>Content Hierarchical change</moving>
            <expirationdate>Expiration and Archiving</expirationdate>
          </titles>
          <approvalmenu>
            <label>
              <option>Options</option>
              <approve>Approve?</approve>
            </label>
            <approvalinfo>
              <approvalmissing>Something went wrong with the Approval Sequence. Please abort it and try again, or contact an administrator.</approvalmissing>
              <invalidcommanddata>Something went wrong with the Approval Sequence. Please cancel or decline it and try again, or contact an administrator.</invalidcommanddata>
              <requestedby>Requested by {username}, {time}</requestedby>
              <stepinfo>Currently in step {activeStepIndex} out of {totalsteps}</stepinfo>
              <timepassed>In review for: &lt;br/&gt; &lt;strong&gt;{timepassed}&lt;/strong&gt;</timepassed>
            </approvalinfo>
            <acceptedapproval>Changes approved by {username},&lt;br/&gt; {time}</acceptedapproval>
            <rejectedapproval>Changes declined by {username},&lt;br/&gt; {time}</rejectedapproval>
            <lastchangestatus>Last changed by {username},&lt;br/&gt;{timepassed} ago.</lastchangestatus>
          </approvalmenu>
        </approvalcommandview>
        <languagesettingcommand>
          <yes>Yes</yes>
          <no>No</no>
          <none>None</none>
          <inheritsettingsfromtheparentpage>Inherit settings from the parent page</inheritsettingsfromtheparentpage>
          <availablelanguages>Available Languages</availablelanguages>
          <fallbacklanguages>Fallback Languages</fallbacklanguages>
          <replacementlanguages>Replacement Languages</replacementlanguages>
          <notificationmessage>
            <started>Changes to language settings are awaiting your review</started>
            <approved>Your request to change language settings has been approved</approved>
            <rejected>The request to change language settings has been declined by {0}</rejected>
            <canceled>The review request was canceled by {0}</canceled>
            <forced>The entire approval sequence has been approved by {0}</forced>
            <aborted see="/episerver/changeapproval/languagesettingcommand/notificationmessage/canceled"></aborted>
        </notificationmessage>
          <savemessage>Saved new language settings</savemessage>
        </languagesettingcommand>
        <securitysettingcommand>
          <yes>Yes</yes>
          <no>No</no>
          <inheritsettingsfromtheparentpage>Inherit settings</inheritsettingsfromtheparentpage>
          <accessrolecontrol>Access Control List</accessrolecontrol>
          <applytosubitems>Applied to all sub-items</applytosubitems>
          <notificationmessage>
            <started>Changes to security settings are awaiting your review</started>
            <approved>Your request to change security settings has been approved</approved>
            <rejected>The request to change security settings has been declined by {0}</rejected>
            <canceled>The review request was canceled by {0}</canceled>
            <forced>The entire approval sequence has been approved by {0}</forced>
            <aborted see="/episerver/changeapproval/securitysettingcommand/notificationmessage/canceled"></aborted>
          </notificationmessage>
        </securitysettingcommand>
        <expirationdatesettingcommand>
          <pagearchivelink>Archive to</pagearchivelink>
          <pagestoppublish>Expiration date</pagestoppublish>
          <notificationmessage>
            <started>Changes to expiration settings are awaiting your review</started>
            <approved>Your request to change expiration settings has been approved</approved>
            <rejected>The request to change expiration settings has been declined by {0}</rejected>
            <canceled>The review request was canceled by {0}</canceled>
            <forced>The entire approval sequence has been approved by {0}</forced>
            <aborted see="/episerver/changeapproval/expirationdatesettingcommand/notificationmessage/canceled"></aborted>
          </notificationmessage>
          <contentnotavailable>[Location is no longer available]</contentnotavailable>
        </expirationdatesettingcommand>
        <movingcontentcommand>
          <path>Path</path>
          <notificationmessage>
            <started>A hierarchical change is awaiting your review</started>
            <approved>Your request to move this item has been approved</approved>
            <rejected>The request to move this item has been declined by {0}</rejected>
            <canceled>The review request was canceled by {0}</canceled>
            <forced>The entire approval sequence has been approved by {0}</forced>
            <aborted see="/episerver/changeapproval/movingcontentcommand/notificationmessage/canceled"></aborted>
          </notificationmessage>
          <contentnotavailable>[Location is no longer available]</contentnotavailable>
        </movingcontentcommand>
        <gridcommanddetail>
          <column>
            <name>Name</name>
            <currentversion>Current version</currentversion>
            <suggestedversion>Suggested version</suggestedversion>
          </column>
        </gridcommanddetail>
        <interceptui>
          <ongoingapprovalmessages>
            <security>Changed access rights for this content are in review. Changes can not be made until they are either approved or declined.</security>
            <language>Changed language settings for this content are in review. Changes can not be made until they are either approved or declined.</language>
            <moving>Changed hierarchical settings for this content are in review. Changes can not be made until they are either approved or declined.</moving>
            <expirationdate>Changed expiration settings for this content are in review. Changes can not be made until they are either approved or declined.</expirationdate>
            <general>There are currently settings for this content in review. New changes cannot be made until the current changes are either approved or declined.</general>
          </ongoingapprovalmessages>
          <languagewaitingforapproval>Language Setting Approval</languagewaitingforapproval>
          <securitywaitingforapproval>Security Setting Approval</securitywaitingforapproval>
          <existingcommand>There are currently settings for this content are in review. New changes cannot be made until the current changes are either approved or declined.</existingcommand>
          <changedetaillink>Change Details</changedetaillink>
          <messagesentforreviewrequest>Your changes have been saved and sent for approval. The changes will come into effect once they have been approved.</messagesentforreviewrequest>
          <movingcontent>
                <existingcommand>There are currently settings for {0} are in review. New changes cannot be made until the current changes are either approved or declined.</existingcommand>
                <messagesentforreviewrequest>Your request to move {0} to a new hierarchy has been saved and sent for an approval. This change will come into effect once it has been approved.</messagesentforreviewrequest>
          </movingcontent>
        </interceptui>
      </changeapproval>
    </episerver>
  </language>
</languages>
