<?xml version="1.0" encoding="utf-8" ?> <languages>
  <language name="Norsk" id="no">
      <changelog>
        <activitytypes>
            <changeapproval>
                <approve>Godkjenn</approve>
                <approvestep>Godkjenn trinn</approvestep>
                <description>Godkjenn endring</description>
                <reject>Avvis</reject>
                <rejectstep>Avvis trinn</rejectstep>
            </changeapproval>
        </activitytypes>
    </changelog>
    <episerver>
      <changeapproval>
        <uinotification>
          <contentdeleted>Innholdet i dette varselet er slettet</contentdeleted>
          <stepcountoftotalsteps>Trinn {0} av {1}</stepcountoftotalsteps>
          <requestedby>Forespurt av {0}</requestedby>
          <donothaveaccessright>{0} utførte en handling på et element som du ikke har tilgangsrettigheter til.</donothaveaccessright>
        </uinotification>
          <inreviewmessagebar>
              <securitysettingcommand>Endring av tilgangsrettigheter for dette innholdet er til gjennomgang. Endringer kan ikke utføres før de er godkjent eller avvist.</securitysettingcommand>
              <languagesettingcommand>Endring av språkinnstillinger for dette innholdet er til gjennomgang. Endringer kan ikke utføres før de er godkjent eller avvist.</languagesettingcommand>
              <movingcontentcommand>Endring av hierarkiinnstillinger for dette innholdet er til gjennomgang. Endringer kan ikke utføres før de er godkjent eller avvist.</movingcontentcommand>
              <expirationdatesettingcommand>Endring av utløpsinnstillinger for dette innholdet i &lt;strong&gt;{language}&lt;/strong&gt; er til gjennomgang. Endringer kan ikke utføres før de er godkjent eller avvist.</expirationdatesettingcommand>
          </inreviewmessagebar>
        <decision>
          <approved>godkjent</approved>
          <declined>avvist</declined>
        </decision>
        <errormessage>
          <approvalcommandnotfound>Finner ikke kommando.</approvalcommandnotfound>
          <approvalhaschangedstatus>Denne godkjenningen er ikke lenger til gjennomgang. Last inn siden på nytt.</approvalhaschangedstatus>
          <approvalcommandinvalid>Denne kommandoen er ikke tilgjengelig for godkjenning.</approvalcommandinvalid>
          <approvalcommentrequired>Godkjenningssekvensen krever en kommentar.</approvalcommentrequired>
          <nochangeapprovalfound>Fant ingen aktuell korrekturlesing for dette innholdet.</nochangeapprovalfound>
        </errormessage>
        <command>
          <approvechanges>
            <label>Godkjenn endringer</label>
            <title>Godkjenn endringer</title>
            <placeholder>Begrunn hvorfor du godkjenner endringene …</placeholder>
            <confirmactiontext>Godkjenn endringer</confirmactiontext>
          </approvechanges>
          <rejectchanges>
            <label>Avvis endringer</label>
            <title>Avvis endringer</title>
            <placeholder>Begrunn hvorfor du avviser endringene …</placeholder>
            <confirmactiontext>Avvis endringer</confirmactiontext>
          </rejectchanges>
          <forcecomplete>
            <label>Godkjenn hele godkjenningssekvensen</label>
            <title>Godkjenn hele godkjenningssekvensen</title>
            <description>Vil du godkjenne hele godkjenningssekvensen? Dette vil godkjenne alle resterende trinn. Denne handlingen kan ikke angres.</description>
            <placeholder>Oppgi hvorfor du tvinger godkjenning av endringene …</placeholder>
            <confirmactiontext>Godkjenn sekvenser</confirmactiontext>
          </forcecomplete>
          <cancel>
            <label>Avbryt forespørsel om korrekturlesing</label>
          </cancel>
        </command>
        <accesslevels>
          <NoAccess>Ingen tilgang</NoAccess>
          <Read>Les</Read>
          <Create>Opprett</Create>
          <Edit>Endre</Edit>
          <Delete>Slett</Delete>
          <Publish>Publiser</Publish>
          <Administer>Administrer</Administer>
          <FullAccess>Full tilgang</FullAccess>
          <Undefined>Udefinert</Undefined>
        </accesslevels>
        <changeapprovalcomponent>
          <title>Godkjenn endring</title>
          <description>Vis liste over kommander som skal godkjennes.</description>
        </changeapprovalcomponent>
        <approvalcommandview>
          <description>Detaljert informasjon om kommandoen.</description>
          <changeapproval>Godkjenn endring</changeapproval>
          <close>Lukk</close>
          <donothaveaccessright>Du har ikke tilgang til å vise dette innholdet.</donothaveaccessright>
          <status>
            <accepted>Endringer ble godkjent</accepted>
            <declined>Endringer ble avvist</declined>
            <canceled>Endringer ble avbrutt</canceled>
            <pending>Til gjennomgang</pending>
            <awaitingapproval>Venter på din korrekturlesing</awaitingapproval>
          </status>
          <titles>
            <security>Sikkerhetsendring</security>
            <language>Endring i språkinnstillinger</language>
            <moving>Endringer i innholdets hierarki</moving>
            <expirationdate>Endring av utløp</expirationdate>
          </titles>
          <approvalmenu>
            <label>
              <option>Alternativer</option>
              <approve>Godkjenn?</approve>
            </label>
            <approvalinfo>
              <approvalmissing>Noe gikk galt i godkjenningssekvensen. Avbryt den og prøv på nytt, eller kontakt en administrator.</approvalmissing>
              <invalidcommanddata>Noe gikk galt i godkjenningssekvensen. Avbryt eller avvis den og prøv på nytt, eller kontakt en administrator.</invalidcommanddata>
              <requestedby>Forespurt av {username}, {time}</requestedby>
              <stepinfo>I trinn {activeStepIndex} av {totalsteps}</stepinfo>
              <timepassed>Til korrekturlesing i: &lt;br/&gt; &lt;strong&gt;{timepassed}&lt;/strong&gt;</timepassed>
            </approvalinfo>
            <acceptedapproval>Endringer er godkjent av {username},&lt;br/&gt; {time}</acceptedapproval>
            <rejectedapproval>Endringer avvist av {username},&lt;br/&gt; {time}</rejectedapproval>
            <lastchangestatus>Sist endret av {username},&lt;br/&gt;{timepassed} siden.</lastchangestatus>
          </approvalmenu>
        </approvalcommandview>
        <languagesettingcommand>
          <yes>Ja</yes>
          <no>Nei</no>
          <none>Ingen</none>
          <inheritsettingsfromtheparentpage>Arv innstillinger fra den overordnede siden</inheritsettingsfromtheparentpage>
          <availablelanguages>Tilgjengelige språk</availablelanguages>
          <fallbacklanguages>Reservespråk</fallbacklanguages>
          <replacementlanguages>Erstatningsspråk</replacementlanguages>
          <notificationmessage>
            <started>Endringer i språkinnstillingene venter på gjennomgang fra deg</started>
            <approved>Forespørselen om å endre språkinnstillinger er godkjent</approved>
            <rejected>Forespørselen om å endre språkinnstillinger ble avvist av {0}</rejected>
            <canceled>Forespørselen om gjennomgang ble avbrutt av {0}</canceled>
            <forced>Hele godkjenningssekvensen er godkjent av {0}</forced>
            <aborted see="/episerver/changeapproval/languagesettingcommand/notificationmessage/canceled"/>
        </notificationmessage>
        </languagesettingcommand>
        <securitysettingcommand>
          <yes>Ja</yes>
          <no>Nei</no>
          <inheritsettingsfromtheparentpage>Arv innstillinger</inheritsettingsfromtheparentpage>
          <accessrolecontrol>Liste over tilgangskontroll</accessrolecontrol>
          <applytosubitems>Brukes på alle underelementer</applytosubitems>
          <notificationmessage>
            <started>Endringer i sikkerhetsinnstillinger venter på gjennomgang fra deg</started>
            <approved>Forespørselen om å endre sikkerhetsinnstillingene er godkjent</approved>
            <rejected>Forespørselen om å endre sikkerhetsinnstillingene ble avvist av {0}</rejected>
            <canceled>Forespørselen om gjennomgang ble avbrutt av {0}</canceled>
            <forced>Hele godkjenningssekvensen er godkjent av {0}</forced>
            <aborted see="/episerver/changeapproval/securitysettingcommand/notificationmessage/canceled"/>
          </notificationmessage>
        </securitysettingcommand>
        <expirationdatesettingcommand>
          <pagearchivelink>Lagre til</pagearchivelink>
          <pagestoppublish>Utløpsdato</pagestoppublish>
          <notificationmessage>
            <started>Endringer i utløpsinnstillinger venter på gjennomgang fra deg</started>
            <approved>Forespørselen om å endre utløpsinnstillinger er godkjent</approved>
            <rejected>Forespørselen om å endre utløpsinnstillinger ble avvist av {0}</rejected>
            <canceled>Forespørselen om gjennomgang ble avbrutt av {0}</canceled>
            <forced>Hele godkjenningssekvensen er godkjent av {0}</forced>
            <aborted see="/episerver/changeapproval/expirationdatesettingcommand/notificationmessage/canceled"/>
          </notificationmessage>
          <contentnotavailable>[Plasseringen er ikke lenger tilgjengelig]</contentnotavailable>
        </expirationdatesettingcommand>
        <movingcontentcommand>
          <path>Bane</path>
          <notificationmessage>
            <started>En hierarkisk endring venter på gjennomgang fra deg</started>
            <approved>Forespørselen om å flytte dette elementet er godkjent</approved>
            <rejected>Forespørselen om å flytte dette elementet er avvist {0}</rejected>
            <canceled>Forespørselen om gjennomgang ble avbrutt av {0}</canceled>
            <forced>Hele godkjenningssekvensen er godkjent av {0}</forced>
            <aborted see="/episerver/changeapproval/movingcontentcommand/notificationmessage/canceled"/>
          </notificationmessage>
          <contentnotavailable>[Plasseringen er ikke lenger tilgjengelig]</contentnotavailable>
        </movingcontentcommand>
        <gridcommanddetail>
          <column>
            <name>Navn</name>
            <currentversion>Gjeldende versjon</currentversion>
            <suggestedversion>Foreslått versjon</suggestedversion>
          </column>
        </gridcommanddetail>
        <interceptui>
          <ongoingapprovalmessages>
            <security>Endring av tilgangsrettigheter for dette innholdet er til gjennomgang. Endringer kan ikke utføres før de er godkjent eller avvist.</security>
            <language>Endring av språkinnstillinger for dette innholdet er til gjennomgang. Endringer kan ikke utføres før de er godkjent eller avvist.</language>
            <moving>Endring av hierarkiinnstillinger for dette innholdet er til gjennomgang. Endringer kan ikke utføres før de er godkjent eller avvist.</moving>
            <expirationdate>Endring av utløpsinnstillinger for dette innholdet er til gjennomgang. Endringer kan ikke utføres før de er godkjent eller avvist.</expirationdate>
            <general>Innstillinger for dette innholdet er til gjennomgang. Nye endringer kan ikke utføres før de gamle endringene er godkjent eller avvist.</general>
          </ongoingapprovalmessages>
          <languagewaitingforapproval>Godkjent språkinnstilling</languagewaitingforapproval>
          <securitywaitingforapproval>Godkjent sikkerhetsinnstilling</securitywaitingforapproval>
          <existingcommand>Innstillinger for dette innholdet er til gjennomgang. Nye endringer kan ikke utføres før de gamle endringene er godkjent eller avvist.</existingcommand>
          <changedetaillink>Endre detaljer</changedetaillink>
          <messagesentforreviewrequest>Endringene dine er lagret og sendt til gjennomgang. Endringene trer i kraft når de har blitt godkjent.</messagesentforreviewrequest>
          <movingcontent>
                <existingcommand>Innstillinger for {0} er til gjennomgang. Nye endringer kan ikke utføres før de gamle endringene er godkjent eller avvist.</existingcommand>
                <messagesentforreviewrequest>Din forespørsel om å flytte {0} til et nytt hierarki er lagret og sendt til gjennomgang. Endringen trer i kraft når den har blitt godkjent.</messagesentforreviewrequest>
          </movingcontent>
        </interceptui>
      </changeapproval>
    </episerver>
  </language>
</languages>
