<?xml version="1.0" encoding="utf-8" ?> <languages>
  <language name="日本語 (Japanese)" id="ja">
      <changelog>
        <activitytypes>
            <changeapproval>
                <approve>承認</approve>
                <approvestep>ステップを承認</approvestep>
                <description>承認を変更</description>
                <reject>リジェクト</reject>
                <rejectstep>ステップをリジェクト</rejectstep>
            </changeapproval>
        </activitytypes>
    </changelog>
    <episerver>
      <changeapproval>
        <uinotification>
          <contentdeleted>この通知のコンテンツは削除されました</contentdeleted>
          <stepcountoftotalsteps>ステップ {1} の {0}</stepcountoftotalsteps>
          <requestedby>{0} によってリクエストされました</requestedby>
          <donothaveaccessright>{0} が、あなたがアクセス権を持たないアイテムでアクションを実行しました。</donothaveaccessright>
        </uinotification>
          <inreviewmessagebar>
              <securitysettingcommand>このコンテンツに対するアクセス権の変更はレビュー中です。 変更は、承認または拒否されるまで行うことができません。</securitysettingcommand>
              <languagesettingcommand>このコンテンツに対する言語設定の変更はレビュー中です。 変更は、承認または拒否されるまで行うことができません。</languagesettingcommand>
              <movingcontentcommand>このコンテンツに対する階層設定の変更はレビュー中です。 変更は、承認または拒否されるまで行うことができません。</movingcontentcommand>
              <expirationdatesettingcommand>&lt;strong&gt;{language}&lt;/strong&gt; のこのコンテンツに対する有効期限設定の変更はレビュー中です。 変更は、承認または拒否されるまで行うことができません。</expirationdatesettingcommand>
          </inreviewmessagebar>
        <decision>
          <approved>承認されました</approved>
          <declined>拒否されました</declined>
        </decision>
        <errormessage>
          <approvalcommandnotfound>コマンドが見つかりません。</approvalcommandnotfound>
          <approvalhaschangedstatus>この承認はレビュー中ではありません。 ページを再読み込みしてください。</approvalhaschangedstatus>
          <approvalcommandinvalid>このコマンドは承認には使用できません。</approvalcommandinvalid>
          <approvalcommentrequired>承認シーケンスにコメントが必要です。</approvalcommentrequired>
          <nochangeapprovalfound>このコンテンツに進行中のレビューはありません。</nochangeapprovalfound>
        </errormessage>
        <command>
          <approvechanges>
            <label>変更を承認</label>
            <title>変更を承認</title>
            <placeholder>変更を承認する理由を説明してください…</placeholder>
            <confirmactiontext>変更を承認</confirmactiontext>
          </approvechanges>
          <rejectchanges>
            <label>変更を拒否</label>
            <title>変更を拒否</title>
            <placeholder>変更を拒否する理由を説明してください…</placeholder>
            <confirmactiontext>変更を拒否</confirmactiontext>
          </rejectchanges>
          <forcecomplete>
            <label>承認シーケンス全体を承認</label>
            <title>承認シーケンス全体を承認</title>
            <description>承認シーケンス全体を承認してよろしいですか? これにより、残りのステップがすべて承認されます。 この操作は取り消しができません。</description>
            <placeholder>変更の承認を強制しようしている理由を説明してください…</placeholder>
            <confirmactiontext>シーケンスを承認</confirmactiontext>
          </forcecomplete>
          <cancel>
            <label>レビューリクエストをキャンセル</label>
          </cancel>
        </command>
        <accesslevels>
          <NoAccess>アクセスなし</NoAccess>
          <Read>読み取り</Read>
          <Create>作成</Create>
          <Edit>変更</Edit>
          <Delete>削除</Delete>
          <Publish>公開</Publish>
          <Administer>管理者</Administer>
          <FullAccess>全権アクセス</FullAccess>
          <Undefined>未定義</Undefined>
        </accesslevels>
        <changeapprovalcomponent>
          <title>承認を変更</title>
          <description>コマンドの表示リストを承認する必要があります。</description>
        </changeapprovalcomponent>
        <approvalcommandview>
          <description>コマンドの詳細情報。</description>
          <changeapproval>承認を変更</changeapproval>
          <close>閉じる</close>
          <donothaveaccessright>このコンテンツを表示するためのアクセス権限がありません。</donothaveaccessright>
          <status>
            <accepted>変更が承認されました</accepted>
            <declined>変更が拒否されました</declined>
            <canceled>変更がキャンセルされました</canceled>
            <pending>レビュー中</pending>
            <awaitingapproval>あなたのレビューを待機中</awaitingapproval>
          </status>
          <titles>
            <security>セキュリティの変更</security>
            <language>言語設定の変更</language>
            <moving>コンテンツ階層の変更</moving>
            <expirationdate>有効期限の変更</expirationdate>
          </titles>
          <approvalmenu>
            <label>
              <option>オプション</option>
              <approve>承認しますか?</approve>
            </label>
            <approvalinfo>
              <approvalmissing>承認シーケンスに何らかの問題が発生しました。 中止して再度お試しください。または管理者にお問い合わせください。</approvalmissing>
              <invalidcommanddata>承認シーケンスに何らかの問題が発生しました。 中止または拒否して、再度お試しください。または管理者にお問い合わせください。</invalidcommanddata>
              <requestedby>{username} さんによるリクエスト、{time}</requestedby>
              <stepinfo>現在 {totalsteps} ステップ中、第 {activeStepIndex} ステップ</stepinfo>
              <timepassed>次のレビュー中: &lt;br/&gt; &lt;strong&gt;{timepassed}&lt;/strong&gt;</timepassed>
            </approvalinfo>
            <acceptedapproval>変更が {username} さんによって承認されました、&lt;br/&gt; {time}</acceptedapproval>
            <rejectedapproval>変更が {username} さんによって拒否されました、&lt;br/&gt; {time}</rejectedapproval>
            <lastchangestatus>{username} さんによる最終変更、&lt;br/&gt;{timepassed} 前。</lastchangestatus>
          </approvalmenu>
        </approvalcommandview>
        <languagesettingcommand>
          <yes>はい</yes>
          <no>いいえ</no>
          <none>なし</none>
          <inheritsettingsfromtheparentpage>親ページから設定を継承</inheritsettingsfromtheparentpage>
          <availablelanguages>利用可能な言語</availablelanguages>
          <fallbacklanguages>フォールバック言語</fallbacklanguages>
          <replacementlanguages>置換言語</replacementlanguages>
          <notificationmessage>
            <started>言語設定の変更はあなたのレビューを待機中です</started>
            <approved>言語設定の変更リクエストが承認されました</approved>
            <rejected>言語設定の変更リクエストが {0} によって拒否されました</rejected>
            <canceled>レビューリクエストが {0} によってキャンセルされました</canceled>
            <forced>承認シーケンス全体が {0} によって承認されました</forced>
            <aborted see="/episerver/changeapproval/languagesettingcommand/notificationmessage/canceled"/>
        </notificationmessage>
        </languagesettingcommand>
        <securitysettingcommand>
          <yes>はい</yes>
          <no>いいえ</no>
          <inheritsettingsfromtheparentpage>設定の継承</inheritsettingsfromtheparentpage>
          <accessrolecontrol>アクセス制御リスト</accessrolecontrol>
          <applytosubitems>すべてのサブ項目に適用済み</applytosubitems>
          <notificationmessage>
            <started>セキュリティ設定の変更はあなたのレビューを待機中です</started>
            <approved>セキュリティ設定の変更リクエストが承認されました</approved>
            <rejected>セキュリティ設定の変更リクエストが {0} によって拒否されました</rejected>
            <canceled>レビューリクエストが {0} によってキャンセルされました</canceled>
            <forced>承認シーケンス全体が {0} によって承認されました</forced>
            <aborted see="/episerver/changeapproval/securitysettingcommand/notificationmessage/canceled"/>
          </notificationmessage>
        </securitysettingcommand>
        <expirationdatesettingcommand>
          <pagearchivelink>アーカイブ先</pagearchivelink>
          <pagestoppublish>有効期限</pagestoppublish>
          <notificationmessage>
            <started>有効期限設定の変更はあなたのレビューを待機中です</started>
            <approved>有効期限設定の変更リクエストが承認されました</approved>
            <rejected>有効期限設定の変更リクエストが {0} によって拒否されました</rejected>
            <canceled>レビューリクエストが {0} によってキャンセルされました</canceled>
            <forced>承認シーケンス全体が {0} によって承認されました</forced>
            <aborted see="/episerver/changeapproval/expirationdatesettingcommand/notificationmessage/canceled"/>
          </notificationmessage>
          <contentnotavailable>[場所は利用できなくなりました]</contentnotavailable>
        </expirationdatesettingcommand>
        <movingcontentcommand>
          <path>パス</path>
          <notificationmessage>
            <started>階層変更はあなたのレビューを待機中です</started>
            <approved>このアイテムの移動リクエストが承認されました</approved>
            <rejected>このアイテムの移動リクエストが {0} によって拒否されました</rejected>
            <canceled>レビューリクエストが {0} によってキャンセルされました</canceled>
            <forced>承認シーケンス全体が {0} によって承認されました</forced>
            <aborted see="/episerver/changeapproval/movingcontentcommand/notificationmessage/canceled"/>
          </notificationmessage>
          <contentnotavailable>[場所は利用できなくなりました]</contentnotavailable>
        </movingcontentcommand>
        <gridcommanddetail>
          <column>
            <name>名前</name>
            <currentversion>現在のバージョン</currentversion>
            <suggestedversion>推奨のバージョン</suggestedversion>
          </column>
        </gridcommanddetail>
        <interceptui>
          <ongoingapprovalmessages>
            <security>このコンテンツに対するアクセス権の変更はレビュー中です。 変更は、承認または拒否されるまで行うことができません。</security>
            <language>このコンテンツに対する言語設定の変更はレビュー中です。 変更は、承認または拒否されるまで行うことができません。</language>
            <moving>このコンテンツに対する階層設定の変更はレビュー中です。 変更は、承認または拒否されるまで行うことができません。</moving>
            <expirationdate>このコンテンツに対する有効期限設定の変更はレビュー中です。 変更は、承認または拒否されるまで行うことができません。</expirationdate>
            <general>このコンテンツには、現在レビュー中の設定があります。 現在の変更が承認または拒否されるまで、新しい変更を行うことはできません。</general>
          </ongoingapprovalmessages>
          <languagewaitingforapproval>言語設定の承認</languagewaitingforapproval>
          <securitywaitingforapproval>セキュリティ設定の承認</securitywaitingforapproval>
          <existingcommand>このコンテンツには、現在レビュー中の設定があります。 現在の変更が承認または拒否されるまで、新しい変更を行うことはできません。</existingcommand>
          <changedetaillink>変更の詳細</changedetaillink>
          <messagesentforreviewrequest>行った変更は保存されて、承認を受けるために送信されました。 変更は、承認されて初めて有効になります。</messagesentforreviewrequest>
          <movingcontent>
                <existingcommand>{0} には現在レビュー中の設定があります。 現在の変更が承認または拒否されるまで、新しい変更を行うことはできません。</existingcommand>
                <messagesentforreviewrequest>{0} を新しい階層に移動したいというリクエストが保存され、承認を受けるために送信されました。 この変更は、承認されて初めて有効になります。</messagesentforreviewrequest>
          </movingcontent>
        </interceptui>
      </changeapproval>
    </episerver>
  </language>
</languages>
