<?xml version="1.0" encoding="utf-8" ?> <languages>
  <language name="中文 (Chinese)" id="zh-CN">
      <changelog>
        <activitytypes>
            <changeapproval>
                <approve>批准</approve>
                <approvestep>批准步骤</approvestep>
                <description>更改批准</description>
                <reject>拒绝</reject>
                <rejectstep>拒绝步骤</rejectstep>
            </changeapproval>
        </activitytypes>
    </changelog>
    <episerver>
      <changeapproval>
        <uinotification>
          <contentdeleted>此通知的内容已被删除</contentdeleted>
          <stepcountoftotalsteps>第 {0} 步，共 {1} 步</stepcountoftotalsteps>
          <requestedby>{0} 发出请求</requestedby>
          <donothaveaccessright>{0} 对您没有访问权限的项目执行了操作。</donothaveaccessright>
        </uinotification>
          <inreviewmessagebar>
              <securitysettingcommand>已更改此内容的访问权限。 在批准或拒绝之前，无法进行更改。</securitysettingcommand>
              <languagesettingcommand>更改此内容的语言设置正在审核中。 在批准或拒绝之前，无法进行更改。</languagesettingcommand>
              <movingcontentcommand>更改此内容的等级设置正在审核中。 在批准或拒绝之前，无法进行更改。</movingcontentcommand>
              <expirationdatesettingcommand>在&lt;strong&gt;{language}&lt;/strong&gt;中更改此内容的到期设置正在审核中。 在批准或拒绝之前，无法进行更改。</expirationdatesettingcommand>
          </inreviewmessagebar>
        <decision>
          <approved>已批准</approved>
          <declined>已拒绝</declined>
        </decision>
        <errormessage>
          <approvalcommandnotfound>找不到命令。</approvalcommandnotfound>
          <approvalhaschangedstatus>此批准不再处于审核中。 请重新加载页面。</approvalhaschangedstatus>
          <approvalcommandinvalid>该命令不可用于批准。</approvalcommandinvalid>
          <approvalcommentrequired>批准序列需要注释。</approvalcommentrequired>
          <nochangeapprovalfound>没有针对此内容正在进行的审核。</nochangeapprovalfound>
        </errormessage>
        <command>
          <approvechanges>
            <label>批准更改</label>
            <title>批准更改</title>
            <placeholder>请说明您为什么批准更改...</placeholder>
            <confirmactiontext>批准更改</confirmactiontext>
          </approvechanges>
          <rejectchanges>
            <label>拒绝更改</label>
            <title>拒绝更改</title>
            <placeholder>请说明你为什么拒绝更改......</placeholder>
            <confirmactiontext>拒绝更改</confirmactiontext>
          </rejectchanges>
          <forcecomplete>
            <label>批准完整批准序列</label>
            <title>批准完整批准序列</title>
            <description>您确定要批准整个批准序列吗？ 这将批准所有剩余的步骤。 此操作无法撤销。</description>
            <placeholder>请说明为什么您要强制批准更改...</placeholder>
            <confirmactiontext>批准序列</confirmactiontext>
          </forcecomplete>
          <cancel>
            <label>取消审核请求</label>
          </cancel>
        </command>
        <accesslevels>
          <NoAccess>无法访问</NoAccess>
          <Read>读取</Read>
          <Create>创建</Create>
          <Edit>更改</Edit>
          <Delete>删除</Delete>
          <Publish>发布</Publish>
          <Administer>管理</Administer>
          <FullAccess>完全访问</FullAccess>
          <Undefined>未定义</Undefined>
        </accesslevels>
        <changeapprovalcomponent>
          <title>更改批准</title>
          <description>命令列表显示需要被批准。</description>
        </changeapprovalcomponent>
        <approvalcommandview>
          <description>该命令的详细信息。</description>
          <changeapproval>更改批准</changeapproval>
          <close>关闭</close>
          <donothaveaccessright>您无权查看此内容。</donothaveaccessright>
          <status>
            <accepted>更改已获批准</accepted>
            <declined>更改被拒绝</declined>
            <canceled>更改被取消</canceled>
            <pending>在审核</pending>
            <awaitingapproval>等待您的审核</awaitingapproval>
          </status>
          <titles>
            <security>安全更改</security>
            <language>语言设置更改</language>
            <moving>内容等级更改</moving>
            <expirationdate>到期更改</expirationdate>
          </titles>
          <approvalmenu>
            <label>
              <option>选项</option>
              <approve>批准？</approve>
            </label>
            <approvalinfo>
              <approvalmissing>批准序列出错。 请中止它，然后重试，或联系管理员。</approvalmissing>
              <invalidcommanddata>批准序列出错。 请取消或拒绝并重试，或联系管理员。</invalidcommanddata>
              <requestedby>{username}， {time}发出的请求</requestedby>
              <stepinfo>目前处于第 {activeStepIndex} 步，共 {totalsteps} 步</stepinfo>
              <timepassed>在其审核中： &lt;br/&gt; &lt;strong&gt;{timepassed}&lt;/strong&gt;</timepassed>
            </approvalinfo>
            <acceptedapproval>由{username}，&lt;br/&gt;{time}批准的更改</acceptedapproval>
            <rejectedapproval>{username}拒绝了更改，&lt;br/&gt; {time}</rejectedapproval>
            <lastchangestatus>最后由{username}，在&lt;br/&gt;{timepassed}之前更改。</lastchangestatus>
          </approvalmenu>
        </approvalcommandview>
        <languagesettingcommand>
          <yes>是</yes>
          <no>否</no>
          <none>无</none>
          <inheritsettingsfromtheparentpage>从父页面继承设置</inheritsettingsfromtheparentpage>
          <availablelanguages>可用语言</availablelanguages>
          <fallbacklanguages>回退语言</fallbacklanguages>
          <replacementlanguages>替换语言</replacementlanguages>
          <notificationmessage>
            <started>语言设置的更改正在等待您的审核</started>
            <approved>您更改语言设置的请求已获批准</approved>
            <rejected>更改语言设置的请求已被{0}拒绝</rejected>
            <canceled>审核请求已被{0}取消</canceled>
            <forced>整个批准序列已获得 {0} 批准</forced>
            <aborted see="/episerver/changeapproval/languagesettingcommand/notificationmessage/canceled"/>
        </notificationmessage>
        </languagesettingcommand>
        <securitysettingcommand>
          <yes>是</yes>
          <no>否</no>
          <inheritsettingsfromtheparentpage>继承设置</inheritsettingsfromtheparentpage>
          <accessrolecontrol>访问控制列表</accessrolecontrol>
          <applytosubitems>适用于所有子项目</applytosubitems>
          <notificationmessage>
            <started>安全设置的更改正在等待您的审核</started>
            <approved>您的更改安全设置的请求已获批准</approved>
            <rejected>更改安全设置的请求已被{0}拒绝</rejected>
            <canceled>审核请求已被{0}取消</canceled>
            <forced>整个批准序列已获得 {0} 批准</forced>
            <aborted see="/episerver/changeapproval/securitysettingcommand/notificationmessage/canceled"/>
          </notificationmessage>
        </securitysettingcommand>
        <expirationdatesettingcommand>
          <pagearchivelink>归档至</pagearchivelink>
          <pagestoppublish>到期日期</pagestoppublish>
          <notificationmessage>
            <started>到期设置的更改正在等待您的审核</started>
            <approved>您更改到期设置的请求已获批准</approved>
            <rejected>更改到期设置的请求已被{0}拒绝</rejected>
            <canceled>审核请求已被{0}取消</canceled>
            <forced>整个批准序列已获得 {0} 批准</forced>
            <aborted see="/episerver/changeapproval/expirationdatesettingcommand/notificationmessage/canceled"/>
          </notificationmessage>
          <contentnotavailable>[位置不再可用]</contentnotavailable>
        </expirationdatesettingcommand>
        <movingcontentcommand>
          <path>路径</path>
          <notificationmessage>
            <started>等级更改正在等待您的审核</started>
            <approved>您移动此项目的请求已获批准</approved>
            <rejected>移动此项目的请求已被{0}拒绝</rejected>
            <canceled>审核请求已被{0}取消</canceled>
            <forced>整个批准序列已获得 {0} 批准</forced>
            <aborted see="/episerver/changeapproval/movingcontentcommand/notificationmessage/canceled"/>
          </notificationmessage>
          <contentnotavailable>[位置不再可用]</contentnotavailable>
        </movingcontentcommand>
        <gridcommanddetail>
          <column>
            <name>名称</name>
            <currentversion>当前版本</currentversion>
            <suggestedversion>建议版本</suggestedversion>
          </column>
        </gridcommanddetail>
        <interceptui>
          <ongoingapprovalmessages>
            <security>已更改此内容的访问权限。 在批准或拒绝之前，无法进行更改。</security>
            <language>更改此内容的语言设置正在审核中。 在批准或拒绝之前，无法进行更改。</language>
            <moving>更改此内容的等级设置正在审核中。 在批准或拒绝之前，无法进行更改。</moving>
            <expirationdate>此内容的更改到期设置正在审核中。 在批准或拒绝之前，无法进行更改。</expirationdate>
            <general>目前有关此内容的设置正在审核中。 在当前更改被批准或拒绝之前，无法进行新更改。</general>
          </ongoingapprovalmessages>
          <languagewaitingforapproval>语言设置批准</languagewaitingforapproval>
          <securitywaitingforapproval>安全设置批准</securitywaitingforapproval>
          <existingcommand>目前有关此内容的设置正在审核中。 在当前更改被批准或拒绝之前，无法进行新更改。</existingcommand>
          <changedetaillink>更改详情</changedetaillink>
          <messagesentforreviewrequest>您的更改已保存并发送用于批准。 这些更改将在批准后生效。</messagesentforreviewrequest>
          <movingcontent>
                <existingcommand>目前正在查看{0}的设置。 在当前更改被批准或拒绝之前，无法进行新更改。</existingcommand>
                <messagesentforreviewrequest>您将{0}移动到新等级的请求已保存并发送用于批准。 这一更改一旦获得批准即可生效。</messagesentforreviewrequest>
          </movingcontent>
        </interceptui>
      </changeapproval>
    </episerver>
  </language>
</languages>
