<?xml version="1.0" encoding="utf-8" ?> <languages>
  <language name="Deutsch" id="de">
      <changelog>
        <activitytypes>
            <changeapproval>
                <approve>Genehmigen</approve>
                <approvestep>Schritt genehmigen</approvestep>
                <description>Änderungsgenehmigung</description>
                <reject>Ablehnen</reject>
                <rejectstep>Schritt ablehnen</rejectstep>
            </changeapproval>
        </activitytypes>
    </changelog>
    <episerver>
      <changeapproval>
        <uinotification>
          <contentdeleted>Der Inhalt dieser Benachrichtigung wurde gelöscht</contentdeleted>
          <stepcountoftotalsteps>Schritt {0} von {1}</stepcountoftotalsteps>
          <requestedby>Angefordert von {0}</requestedby>
          <donothaveaccessright>{0}hat eine Aktion für ein Element durchgeführt, für das Sie keine Zugriffsrechte haben.</donothaveaccessright>
        </uinotification>
          <inreviewmessagebar>
              <securitysettingcommand>Die geänderten Zugriffsrechte für diesen Inhalt werden überprüft. Änderungen können erst vorgenommen werden, nachdem sie genehmigt oder abgelehnt wurden.</securitysettingcommand>
              <languagesettingcommand>Die geänderten Spracheinstellungen für diesen Inhalt werden überprüft. Änderungen können erst vorgenommen werden, nachdem sie genehmigt oder abgelehnt wurden.</languagesettingcommand>
              <movingcontentcommand>Die geänderten hierarchischen Einstellungen für diesen Inhalt werden überprüft. Änderungen können erst vorgenommen werden, nachdem sie genehmigt oder abgelehnt wurden.</movingcontentcommand>
              <expirationdatesettingcommand>Die geänderten Einstellungen des Ablaufdatums für den Inhalt in &lt;strong&gt;{language}&lt;/strong&gt; werden überprüft. Änderungen können erst vorgenommen werden, nachdem sie genehmigt oder abgelehnt wurden.</expirationdatesettingcommand>
          </inreviewmessagebar>
        <decision>
          <approved>genehmigt</approved>
          <declined>abgelehnt</declined>
        </decision>
        <errormessage>
          <approvalcommandnotfound>Befehl nicht gefunden.</approvalcommandnotfound>
          <approvalhaschangedstatus>Diese Genehmigung befindet sich nicht mehr in Überprüfung. Bitte laden Sie die Seite neu.</approvalhaschangedstatus>
          <approvalcommandinvalid>Dieser Befehl ist für die Genehmigung nicht verfügbar.</approvalcommandinvalid>
          <approvalcommentrequired>Die Genehmigungssequenz verlangt einen Kommentar.</approvalcommentrequired>
          <nochangeapprovalfound>Keine laufende Überprüfung für diesen Inhalt gefunden.</nochangeapprovalfound>
        </errormessage>
        <command>
          <approvechanges>
            <label>Änderungen genehmigen</label>
            <title>Änderungen genehmigen</title>
            <placeholder>Bitte begründen Sie, warum Sie die Änderungen genehmigen...</placeholder>
            <confirmactiontext>Änderungen genehmigen</confirmactiontext>
          </approvechanges>
          <rejectchanges>
            <label>Änderungen ablehnen</label>
            <title>Änderungen ablehnen</title>
            <placeholder>Bitte begründen Sie, warum Sie die Änderungen ablehnen...</placeholder>
            <confirmactiontext>Änderungen ablehnen</confirmactiontext>
          </rejectchanges>
          <forcecomplete>
            <label>Gesamte Genehmigungssequenz genehmigen</label>
            <title>Gesamte Genehmigungssequenz genehmigen</title>
            <description>Sind Sie sicher, dass Sie die gesamte Genehmigungssequenz genehmigen möchten? Dadurch werden alle verbleibenden Schritte genehmigt. Dieser Vorgang kann nicht rückgängig gemacht werden.</description>
            <placeholder>Bitte geben Sie an, warum Sie Genehmigung der Änderungen erzwingen...</placeholder>
            <confirmactiontext>Sequenzen genehmigen</confirmactiontext>
          </forcecomplete>
          <cancel>
            <label>Überprüfungsanfrage abbrechen</label>
          </cancel>
        </command>
        <accesslevels>
          <NoAccess>Kein Zugriff</NoAccess>
          <Read>Lesen</Read>
          <Create>Erstellen</Create>
          <Edit>Ändern</Edit>
          <Delete>Löschen</Delete>
          <Publish>Veröffentlichen</Publish>
          <Administer>Verwalten</Administer>
          <FullAccess>Voller Zugriff</FullAccess>
          <Undefined>Nicht definiert</Undefined>
        </accesslevels>
        <changeapprovalcomponent>
          <title>Änderungsgenehmigung</title>
          <description>Die Anzeigeliste der Befehle muss genehmigt werden.</description>
        </changeapprovalcomponent>
        <approvalcommandview>
          <description>Detailinformationen zum Befehl.</description>
          <changeapproval>Änderungsgenehmigung</changeapproval>
          <close>Schließen</close>
          <donothaveaccessright>Sie verfügen nicht über die Zugriffsrechte für die Anzeige dieses Inhalts.</donothaveaccessright>
          <status>
            <accepted>Änderungen wurden genehmigt</accepted>
            <declined>Änderungen wurden abgelehnt</declined>
            <canceled>Änderungen wurden abgebrochen</canceled>
            <pending>Überprüfung läuft</pending>
            <awaitingapproval>Warten auf Ihre Überprüfung</awaitingapproval>
          </status>
          <titles>
            <security>Sicherheitsänderung</security>
            <language>Änderungen der Spracheinstellungen</language>
            <moving>Hierarchische Änderung des Inhalts</moving>
            <expirationdate>Änderung des Ablaufdatums</expirationdate>
          </titles>
          <approvalmenu>
            <label>
              <option>Optionen</option>
              <approve>Genehmigen?</approve>
            </label>
            <approvalinfo>
              <approvalmissing>Bei der Genehmigungssequenz ist ein Fehler aufgetreten. Bitte brechen Sie den Vorgang ab und versuchen Sie es erneut oder kontaktieren Sie einen Administrator.</approvalmissing>
              <invalidcommanddata>Bei der Genehmigungssequenz ist ein Fehler aufgetreten. Bitte den Vorgang abbrechen oder ablehnen oder einen Administrator kontaktieren.</invalidcommanddata>
              <requestedby>Angefordert von {username}, {time}</requestedby>
              <stepinfo>Aktueller Schritt: {activeStepIndex} von {totalsteps}</stepinfo>
              <timepassed>Wird überprüft für: &lt;br/&gt; &lt;strong&gt;{timepassed}&lt;/strong&gt;</timepassed>
            </approvalinfo>
            <acceptedapproval>Änderungen wurden genehmigt von {username},&lt;br/&gt; {time}</acceptedapproval>
            <rejectedapproval>Änderungen abgelehnt von {username},&lt;br/&gt; {time}</rejectedapproval>
            <lastchangestatus>Zuletzt geändert von {username},&lt;br/&gt;{timepassed} vor</lastchangestatus>
          </approvalmenu>
        </approvalcommandview>
        <languagesettingcommand>
          <yes>Ja</yes>
          <no>Nein</no>
          <none>Keine</none>
          <inheritsettingsfromtheparentpage>Einstellungen von übergeordneter Seite übernehmen</inheritsettingsfromtheparentpage>
          <availablelanguages>Verfügbare Sprachen</availablelanguages>
          <fallbacklanguages>Alternative Sprachen</fallbacklanguages>
          <replacementlanguages>Ersatzsprachen</replacementlanguages>
          <notificationmessage>
            <started>Änderungen von Spracheinstellungen warten auf Ihre Überprüfung</started>
            <approved>Ihre Anfrage zur Änderung der Spracheinstellungen wurde genehmigt</approved>
            <rejected>Ihre Anfrage zur Änderung der Spracheinstellungen wurde abgelehnt von {0}</rejected>
            <canceled>Die Überprüfungsanfrage wurde abgebrochen von {0}</canceled>
            <forced>Die gesamte Genehmigungssequenz wurde genehmigt von {0}</forced>
            <aborted see="/episerver/changeapproval/languagesettingcommand/notificationmessage/canceled"/>
        </notificationmessage>
        </languagesettingcommand>
        <securitysettingcommand>
          <yes>Ja</yes>
          <no>Nein</no>
          <inheritsettingsfromtheparentpage>Einstellungen übernehmen</inheritsettingsfromtheparentpage>
          <accessrolecontrol>Zugriffssteuerungsliste</accessrolecontrol>
          <applytosubitems>Auf alle Unterpositionen angewendet</applytosubitems>
          <notificationmessage>
            <started>Änderungen von Sicherheitseinstellungen warten auf Ihre Überprüfung</started>
            <approved>Ihre Anfrage zur Änderung der Sicherheitseinstellungen wurde genehmigt</approved>
            <rejected>Ihre Anfrage zur Änderung der Sicherheitseinstellungen wurde abgelehnt von {0}</rejected>
            <canceled>Die Überprüfungsanfrage wurde abgebrochen von {0}</canceled>
            <forced>Die gesamte Genehmigungssequenz wurde genehmigt von {0}</forced>
            <aborted see="/episerver/changeapproval/securitysettingcommand/notificationmessage/canceled"/>
          </notificationmessage>
        </securitysettingcommand>
        <expirationdatesettingcommand>
          <pagearchivelink>Archivieren in</pagearchivelink>
          <pagestoppublish>Ablaufdatum</pagestoppublish>
          <notificationmessage>
            <started>Änderungen von Einstellungen des Ablaufdatums warten auf Ihre Überprüfung</started>
            <approved>Ihre Anfrage zur Änderung der Einstellung des Ablaufdatums wurde genehmigt</approved>
            <rejected>Ihre Anfrage zur Änderung der Einstellung des Ablaufdatums wurde abgelehnt von {0}</rejected>
            <canceled>Die Überprüfungsanfrage wurde abgebrochen von {0}</canceled>
            <forced>Die gesamte Genehmigungssequenz wurde genehmigt von {0}</forced>
            <aborted see="/episerver/changeapproval/expirationdatesettingcommand/notificationmessage/canceled"/>
          </notificationmessage>
          <contentnotavailable>[Ort ist nicht mehr verfügbar]</contentnotavailable>
        </expirationdatesettingcommand>
        <movingcontentcommand>
          <path>Pfad</path>
          <notificationmessage>
            <started>Eine hierarchische Änderung wartet auf Ihre Überprüfung</started>
            <approved>Ihre Anfrage, dieses Element zu verschieben, wurde genehmigt</approved>
            <rejected>Ihre Anfrage, dieses Element zu verschieben, wurde abgelehnt von {0}</rejected>
            <canceled>Die Überprüfungsanfrage wurde abgebrochen von {0}</canceled>
            <forced>Die gesamte Genehmigungssequenz wurde genehmigt von {0}</forced>
            <aborted see="/episerver/changeapproval/movingcontentcommand/notificationmessage/canceled"/>
          </notificationmessage>
          <contentnotavailable>[Ort ist nicht mehr verfügbar]</contentnotavailable>
        </movingcontentcommand>
        <gridcommanddetail>
          <column>
            <name>Name</name>
            <currentversion>Aktuelle Version</currentversion>
            <suggestedversion>Vorgeschlagene Version</suggestedversion>
          </column>
        </gridcommanddetail>
        <interceptui>
          <ongoingapprovalmessages>
            <security>Die geänderten Zugriffsrechte für diesen Inhalt werden überprüft. Änderungen können erst vorgenommen werden, nachdem sie genehmigt oder abgelehnt wurden.</security>
            <language>Die geänderten Spracheinstellungen für diesen Inhalt werden überprüft. Änderungen können erst vorgenommen werden, nachdem sie genehmigt oder abgelehnt wurden.</language>
            <moving>Die geänderten hierarchischen Einstellungen für diesen Inhalt werden überprüft. Änderungen können erst vorgenommen werden, nachdem sie genehmigt oder abgelehnt wurden.</moving>
            <expirationdate>Die geänderten Einstellungen des Ablaufdatums für diesen Inhalt werden überprüft. Änderungen können erst vorgenommen werden, nachdem sie genehmigt oder abgelehnt wurden.</expirationdate>
            <general>Derzeit befinden sich Einstellungen für diesen Inhalt in Überprüfung. Neue Änderungen können erst vorgenommen werden, nachdem die aktuellen Änderungen genehmigt oder abgelehnt wurden.</general>
          </ongoingapprovalmessages>
          <languagewaitingforapproval>Genehmigung der Spracheinstellung</languagewaitingforapproval>
          <securitywaitingforapproval>Genehmigung der Sicherheitseinstellung</securitywaitingforapproval>
          <existingcommand>Derzeit befinden sich Einstellungen für diesen Inhalt in Überprüfung. Neue Änderungen können erst vorgenommen werden, nachdem die aktuellen Änderungen genehmigt oder abgelehnt wurden.</existingcommand>
          <changedetaillink>Details ändern</changedetaillink>
          <messagesentforreviewrequest>Ihre Änderungen wurden gespeichert und zur Genehmigung gesendet. Die Änderungen treten in Kraft, sobald sie genehmigt worden sind.</messagesentforreviewrequest>
          <movingcontent>
                <existingcommand>Derzeit befinden sich Einstellungen für {0} in Überprüfung. Neue Änderungen können erst vorgenommen werden, nachdem die aktuellen Änderungen genehmigt oder abgelehnt wurden.</existingcommand>
                <messagesentforreviewrequest>Ihre Anfrage, {0} in eine neue Hierarchie zu verschieben, wurde gespeichert und zur Genehmigung gesendet. Die Änderung tritt in Kraft, sobald sie genehmigt worden ist.</messagesentforreviewrequest>
          </movingcontent>
        </interceptui>
      </changeapproval>
    </episerver>
  </language>
</languages>
