<?xml version="1.0" encoding="utf-8" ?> <languages>
  <language name="Italiano" id="it">
      <changelog>
        <activitytypes>
            <changeapproval>
                <approve>Approva</approve>
                <approvestep>Passo di approvazione</approvestep>
                <description>Approvazione modifica</description>
                <reject>Rifiuta</reject>
                <rejectstep>Passo di rifiuto</rejectstep>
            </changeapproval>
        </activitytypes>
    </changelog>
    <episerver>
      <changeapproval>
        <uinotification>
          <contentdeleted>Il contenuto di questa notifica è stato eliminato</contentdeleted>
          <stepcountoftotalsteps>Passo {0} di{1}</stepcountoftotalsteps>
          <requestedby>Richiesto da {0}</requestedby>
          <donothaveaccessright>{0} ha eseguito un’azione su un elemento dove non hai i diritti di accesso</donothaveaccessright>
        </uinotification>
          <inreviewmessagebar>
              <securitysettingcommand>Modifica diritti di accesso modificati per questo contenuto è in revisione Impossibile eseguire le modifiche finché non vengono approvate o rifiutate.</securitysettingcommand>
              <languagesettingcommand>Modifica impostazioni lingua per questo contenuto è in revisione. Impossibile eseguire le modifiche finché non vengono approvate o rifiutate.</languagesettingcommand>
              <movingcontentcommand>Modifica impostazioni gerarchia per questo contenuto è in revisione. Impossibile eseguire le modifiche finché non vengono approvate o rifiutate.</movingcontentcommand>
              <expirationdatesettingcommand>Modifica impostazioni validità per questo contenuto in &lt;strong&gt;{language}&lt;/strong&gt; è in revisione. Impossibile eseguire le modifiche finché non vengono approvate o rifiutate.</expirationdatesettingcommand>
          </inreviewmessagebar>
        <decision>
          <approved>approvato</approved>
          <declined>respinto</declined>
        </decision>
        <errormessage>
          <approvalcommandnotfound>Comando non trovato.</approvalcommandnotfound>
          <approvalhaschangedstatus>Questa approvazione non è più in revisione. Ricarica la pagina.</approvalhaschangedstatus>
          <approvalcommandinvalid>Questo comando non è disponibile per l'approvazione.</approvalcommandinvalid>
          <approvalcommentrequired>La sequenza di approvazione richiede un commento.</approvalcommentrequired>
          <nochangeapprovalfound>Nessuna revisione in corso trovata per questo contenuto.</nochangeapprovalfound>
        </errormessage>
        <command>
          <approvechanges>
            <label>Approva modifiche</label>
            <title>Approva modifiche</title>
            <placeholder>Motiva perché vuoi approvare le modifiche...</placeholder>
            <confirmactiontext>Approva modifiche</confirmactiontext>
          </approvechanges>
          <rejectchanges>
            <label>Respingi modifiche</label>
            <title>Respingi modifiche</title>
            <placeholder>Motiva perché vuoi respingere le modifiche...</placeholder>
            <confirmactiontext>Respingi modifiche</confirmactiontext>
          </rejectchanges>
          <forcecomplete>
            <label>Approva sequenza completa di approvazione</label>
            <title>Approva sequenza completa di approvazione</title>
            <description>Sei sicuro di voler approvare la sequenza completa di approvazione? Questo approverà tutti i passi rimanenti. Questa azione non può essere annullata.</description>
            <placeholder>Specifica perché stai forzando l’approvazione delle modifiche...</placeholder>
            <confirmactiontext>Sequenze di approvazione</confirmactiontext>
          </forcecomplete>
          <cancel>
            <label>Annulla richiesta di revisione</label>
          </cancel>
        </command>
        <accesslevels>
          <NoAccess>Nessun accesso</NoAccess>
          <Read>Leggi</Read>
          <Create>Crea</Create>
          <Edit>Modifica</Edit>
          <Delete>Elimina</Delete>
          <Publish>Pubblica</Publish>
          <Administer>Amministra</Administer>
          <FullAccess>Accesso completo</FullAccess>
          <Undefined>Indefinito</Undefined>
        </accesslevels>
        <changeapprovalcomponent>
          <title>Modifica approvazione</title>
          <description>Visualizzare l'elenco dei comandi che devono essere approvati.</description>
        </changeapprovalcomponent>
        <approvalcommandview>
          <description>Informazioni dettagliate del comando.</description>
          <changeapproval>Modifica approvazione</changeapproval>
          <close>Chiudi</close>
          <donothaveaccessright>Non hai i diritti di accesso per visualizzare questo contenuto.</donothaveaccessright>
          <status>
            <accepted>Le modifiche sono state approvate</accepted>
            <declined>Le modifiche sono state respinte</declined>
            <canceled>Le modifiche sono state annullate</canceled>
            <pending>In revisione</pending>
            <awaitingapproval>In attesa della tua revisione</awaitingapproval>
          </status>
          <titles>
            <security>Modifica di sicurezza</security>
            <language>Modifica impostazioni della lingua</language>
            <moving>Modifica gerarchia del contenuto</moving>
            <expirationdate>Modifica scadenza</expirationdate>
          </titles>
          <approvalmenu>
            <label>
              <option>Opzioni</option>
              <approve>Approva?</approve>
            </label>
            <approvalinfo>
              <approvalmissing>Qualcosa è andato storto con la sequenza di approvazione. Annulla e riprova, oppure contatta un amministratore.</approvalmissing>
              <invalidcommanddata>Qualcosa è andato storto con la sequenza di approvazione. Annulla e rifiuta, oppure contatta un amministratore.</invalidcommanddata>
              <requestedby>Richiesto da {username},{time}</requestedby>
              <stepinfo>Attualmente nel passo {activeStepIndex} di {totalsteps}</stepinfo>
              <timepassed>In revisione per: &lt;br/&gt; &lt;strong&gt;{timepassed}&lt;/strong&gt;</timepassed>
            </approvalinfo>
            <acceptedapproval>Modifiche approvate da {username},&lt;br/&gt; {time}</acceptedapproval>
            <rejectedapproval>Modifiche respinte da {username},&lt;br/&gt; {time}</rejectedapproval>
            <lastchangestatus>Ultima modifica da {username},&lt;br/&gt;{timepassed} fa.</lastchangestatus>
          </approvalmenu>
        </approvalcommandview>
        <languagesettingcommand>
          <yes>Sì</yes>
          <no>No</no>
          <none>Nessuno</none>
          <inheritsettingsfromtheparentpage>Eredita impostazioni dalla pagina di origine</inheritsettingsfromtheparentpage>
          <availablelanguages>Lingue disponibili</availablelanguages>
          <fallbacklanguages>Lingue di riserva</fallbacklanguages>
          <replacementlanguages>Lingue sostitutive</replacementlanguages>
          <notificationmessage>
            <started>Le modifiche alle impostazioni della lingua attendono la tua revisione</started>
            <approved>La tua richiesta di modificare le impostazioni della lingua è stata approvata</approved>
            <rejected>La richiesta di modificare le impostazioni della lingua è stata rifiutata da {0}</rejected>
            <canceled>La richiesta di revisione annullata da {0}</canceled>
            <forced>La sequenza intera di approvazione è stata approvata da {0}</forced>
            <aborted see="/episerver/changeapproval/languagesettingcommand/notificationmessage/canceled"/>
        </notificationmessage>
        </languagesettingcommand>
        <securitysettingcommand>
          <yes>Sì</yes>
          <no>No</no>
          <inheritsettingsfromtheparentpage>Eredita impostazioni</inheritsettingsfromtheparentpage>
          <accessrolecontrol>Lista controllo di accesso</accessrolecontrol>
          <applytosubitems>Applicato a tutte le sotto-voci</applytosubitems>
          <notificationmessage>
            <started>Le modifiche alle impostazioni di sicurezza attendono la tua revisione</started>
            <approved>La tua richiesta di modifica delle impostazioni di sicurezza è stata approvata</approved>
            <rejected>La richiesta di modificare le impostazioni di sicurezza è stata rifiutata da {0}</rejected>
            <canceled>La richiesta di revisione annullata da {0}</canceled>
            <forced>La sequenza intera di approvazione è stata approvata da {0}</forced>
            <aborted see="/episerver/changeapproval/securitysettingcommand/notificationmessage/canceled"/>
          </notificationmessage>
        </securitysettingcommand>
        <expirationdatesettingcommand>
          <pagearchivelink>Archivia su</pagearchivelink>
          <pagestoppublish>Data di scadenza</pagestoppublish>
          <notificationmessage>
            <started>Le modifiche alle impostazioni di scadenza attendono la tua revisione</started>
            <approved>La tua richiesta di modifica delle impostazioni di scadenza è stata approvata</approved>
            <rejected>La tua richiesta di modifica delle impostazioni di scadenza è stata rifiutata da {0}</rejected>
            <canceled>La richiesta di revisione annullata da {0}</canceled>
            <forced>La sequenza intera di approvazione è stata approvata da {0}</forced>
            <aborted see="/episerver/changeapproval/expirationdatesettingcommand/notificationmessage/canceled"/>
          </notificationmessage>
          <contentnotavailable>[Posizione non è più disponibile]</contentnotavailable>
        </expirationdatesettingcommand>
        <movingcontentcommand>
          <path>Percorso</path>
          <notificationmessage>
            <started>Una modifica gerarchia è in attesa della tua revisione</started>
            <approved>La tua richiesta di spostare questo articolo è stata approvata</approved>
            <rejected>La tua richiesta di spostare questo articolo è stata respinta da {0}</rejected>
            <canceled>La richiesta di revisione annullata da {0}</canceled>
            <forced>La sequenza intera di approvazione è stata approvata da {0}</forced>
            <aborted see="/episerver/changeapproval/movingcontentcommand/notificationmessage/canceled"/>
          </notificationmessage>
          <contentnotavailable>[Posizione non è più disponibile]</contentnotavailable>
        </movingcontentcommand>
        <gridcommanddetail>
          <column>
            <name>Nome</name>
            <currentversion>Versione corrente</currentversion>
            <suggestedversion>Versione consigliata</suggestedversion>
          </column>
        </gridcommanddetail>
        <interceptui>
          <ongoingapprovalmessages>
            <security>Modifica diritti di accesso modificati per questo contenuto è in revisione Impossibile eseguire le modifiche finché non vengono approvate o rifiutate.</security>
            <language>Modifica impostazioni lingua per questo contenuto è in revisione. Impossibile eseguire le modifiche finché non vengono approvate o rifiutate.</language>
            <moving>Modifica impostazioni gerarchia per questo contenuto è in revisione. Impossibile eseguire le modifiche finché non vengono approvate o rifiutate.</moving>
            <expirationdate>Modifica impostazioni scadenza per questo contenuto è in revisione. Impossibile eseguire le modifiche finché non vengono approvate o rifiutate.</expirationdate>
            <general>Ci sono attualmente impostazioni per questo contenuto in revisione. Impossibile eseguire le modifiche finché non vengono approvate o rifiutate.</general>
          </ongoingapprovalmessages>
          <languagewaitingforapproval>Approvazione impostazione della lingua</languagewaitingforapproval>
          <securitywaitingforapproval>Approvazione impostazione di sicurezza</securitywaitingforapproval>
          <existingcommand>Ci sono attualmente impostazioni per questo contenuto in revisione. Impossibile eseguire le modifiche finché non vengono approvate o rifiutate.</existingcommand>
          <changedetaillink>Modifica dettagli</changedetaillink>
          <messagesentforreviewrequest>Le tue modifiche sono state salvate e inviate per l'approvazione. Le modifiche entrano in vigore una volta approvate.</messagesentforreviewrequest>
          <movingcontent>
                <existingcommand>Ci sono attualmente impostazioni per {0} in revisione. Impossibile eseguire le modifiche finché non vengono approvate o rifiutate.</existingcommand>
                <messagesentforreviewrequest>La tua richiesta di spostamento di {0} in una nuova gerarchia è stata salvata e inviata per un'approvazione. Le modifiche entrano in vigore una volta approvate.</messagesentforreviewrequest>
          </movingcontent>
        </interceptui>
      </changeapproval>
    </episerver>
  </language>
</languages>
